,A2 sentence,B1 sentence,OR sentence
0,Am Dienstag haben die Europa-Abgeordneten eine neue Präsidentin für das EU-Parlament gewählt.,Die Europa-Abgeordneten haben am Dienstag die Malteserin Roberta Metsola zur neuen Präsidenten des Europa-Parlaments gewählt. ,Metsola ist die dritte Frau in dem prestigeträchtigen Amt und die jüngste Person überhaupt in der Geschichte des Parlaments. 
1,Es ist Roberta Metsola aus Malta.,Die Europa-Abgeordneten haben am Dienstag die Malteserin Roberta Metsola zur neuen Präsidenten des Europa-Parlaments gewählt. ,Sie folgt auf den vergangene Woche unerwartet gestorbenen italienischen Sozialdemokraten David Sassoli. 
2,"Sie ist erst die dritte Frau, die Präsidentin vom EU-Parlament wird.",Sie ist erst die 3. Frau in dieser Position und mit 43 Jahren gleichzeitig auch die jüngste Europa-Parlaments-Präsidentin überhaupt. ,"Metsola, die Europäisches Recht studiert hat, sitzt seit 2013 im EU-Parlament, seit November 2020 war sie dessen erste Vizepräsidentin. "
3,Außerdem ist sie mit 43 Jahren auch die bisher jüngste Präsidentin vom EU-Parlament.,Sie ist erst die 3. Frau in dieser Position und mit 43 Jahren gleichzeitig auch die jüngste Europa-Parlaments-Präsidentin überhaupt. ,"Metsola, die Europäisches Recht studiert hat, sitzt seit 2013 im EU-Parlament, seit November 2020 war sie dessen erste Vizepräsidentin. "
4,Vor ihr war David Sassoli aus Italien Präsident.,"Sie folgt dem Italiener David Sassoli nach, der vor einer Woche unerwartet verstarb. ",Die Europaabgeordneten in Straßburg wählten die 43-Jährige am Dienstag im ersten Wahlgang mit 458 von 616 abgegebenen gültigen Stimmen an ihre Spitze. 
5,Aber er ist vor einer Woche unerwartet gestorben.,"Sie folgt dem Italiener David Sassoli nach, der vor einer Woche unerwartet verstarb. ",
6,Metsola ist seit dem Jahr 2013 im EU-Parlament.,Metsola studierte europäisches Recht und sitzt seit 2013 im EU-Parlament. ,
7,Außerdem hat sie das europäische Recht studiert.,Metsola studierte europäisches Recht und sitzt seit 2013 im EU-Parlament. ,
8,Seit dem Jahr 2020 ist sie Vize-Präsidentin gewesen.,2020 wurde sie zur ersten Vize-Präsidentin im EU-Parlament gewählt. ,
9,US-Präsident Donald Trump will tausende US-Soldaten aus dem Land Syrien zurück holen.,Trump will Tausende US-Soldaten aus dem Land Syrien zurück holen. ,Wegen erheblicher Meinungsverschiedenheiten mit US-Präsident Donald Trump tritt Verteidigungsminister James Mattis Ende Februar zurück. 
10,"Trump denkt nämlich, dass die Terror-Organisation Islamischer Staat (IS) in Syrien besiegt ist.","Trump denkt nämlich, dass die Terror-Organisation Islamischer Staat (IS) dort endgültig besiegt ist. ",Wegen erheblicher Meinungsverschiedenheiten mit US-Präsident Donald Trump tritt Verteidigungsminister James Mattis Ende Februar zurück. 
11,Mattis wird am Ende vom Februar 2019 als Verteidigungs-Minister kündigen.,Der Verteidigungs-Minister der USA James Mattis tritt Ende Februar zurück. ,"Die Nachricht von Mattis’ Rückzug kam einen Tag nach Trumps überraschender Ankündigung, die US-Soldaten aus dem Bürgerkriegsland Syrien abzuziehen – mit der Begründung, der IS sei dort besiegt. "
12,Deshalb will Mattis nicht mehr der Verteidigungs-Minister sein.,"Als Grund dafür gab er an, dass er große Meinungs-Verschiedenheiten mit US-Präsident Donald Trump hat. ","Die Nachricht von Mattis’ Rückzug kam einen Tag nach Trumps überraschender Ankündigung, die US-Soldaten aus dem Bürgerkriegsland Syrien abzuziehen – mit der Begründung, der IS sei dort besiegt. "
13,"Der Verteidigungs-Minister der USA James Mattis denkt aber, dass der IS nicht besiegt ist.",Viele Experten und auch Mattis sind anderer Meinung. ,Mattis ist ein entschiedener Gegner dieses Schritts. Fachleute halten den IS keineswegs für besiegt und einen Abzug aus Syrien für hochgefährlich. 
14,"Mattis findet: Es ist ein Fehler, dass man die US-Soldaten zurück holt.",,Der Pentagon-Chef gab seinen Rückzug einen Tag nach Trumps Ankündigung eines vollständigen Truppenabzugs aus Syrienbekannt. 
15,In Österreich gibt es eine neue Corona-Art.,Am Montag ist in Österreich eine neue Variante von dem Coronavirus bestätigt worden. ,
16,Das Gesundheits-Ministerium hat das am Montag bestätigt.,Das gab das Gesundheitsministerium bekannt. ,"“Im Gesundheitsministerium liegen jetzt sämtliche Ergebnisse vor, die es für eine Bestätigung braucht”, hieß es aus dem Ressort. "
17,Die neue Corona-Art heißt B.1.1.529.,Die neue Variante heißt B.1.1.529. ,Bei einem Fall aus Tirol handelt es sich “mit Sicherheit” um die Variante mit der wissenschaftlichen Bezeichnung B.1.1.529. 
18,Man nennt sie aber auch Omikron.,Sie wird aber auch Omikron genannt. ,Bei einem Fall aus Tirol handelt es sich “mit Sicherheit” um die Variante mit der wissenschaftlichen Bezeichnung B.1.1.529. 
19,Omikron wurde bei einem Test in Tirol festgestellt.,Die neue Variante wurde bei einem Corona-Fall in Tirol festgestellt. ,
20,Die betroffene Person wurde nach einer Reise aus Süd-Afrika positiv getestet.,Die betroffene Person war nach einer Südafrika-Reise positiv getestet worden. ,"Von der Infektion betroffen sei eine Person, die nach einer Südafrika-Reise positiv auf Covid-19 getestet wurde und derzeit keine Symptome aufweise. "
21,"Weitere Verdachts-Fälle in Vorarlberg, und Oberösterreich wurden bis Montagnachmittag nicht bestätigt.",Weitere Verdachtsfälle in Vorarlberg und Oberösterreich wurden bis Montagnachmittag nicht bestätigt. ,
22,Omikron ist zum ersten Mal in Süd-Afrika aufgetaucht.,Die neue Virus-Variante ist in Südafrika zum ersten Mal aufgetaucht. ,
23,"Menschen, die gerade im Süden von Afrika waren, sollten sich jetzt auf den Corona-Virus testen lassen.","Nun sollen alle Personen einen PCR-Test machen, die in den letzten Tagen aus bestimmten südafrikanischen Ländern zurückgekehrt sind. ","Bisher meldeten sich 31 Menschen. “Neben dem genannten einen positiven Ergebnis liegt für 20 Personen bereits ein negatives Testergebnis vor, bei elf Personen sind die Testungen aktuell im Gange”, hieß es. "
24,31 Personen haben sich deswegen auch schon gemeldet.,"31 Personen meldeten sich bisher, 20 wurden bereits negativ getestet. ","“Neben dem genannten einen positiven Ergebnis liegt für 20 Personen bereits ein negatives Testergebnis vor, bei elf Personen sind die Testungen aktuell im Gange”, hieß es. "
25,20 von ihnen wurden negativ getestet.,"31 Personen meldeten sich bisher, 20 wurden bereits negativ getestet. ","Das Land Tirol forderte alle Personen, die in den vergangenen 14 Tagen aus den Ländern Südafrika, Lesotho, Botswana, Simbabwe, Mosambik, Namibia und Eswatini zurückgekehrt sind, auf, einen PCR-Test zu machen. "
26,Die anderen werden noch getestet.,Beim Rest finden die Tests derzeit statt. ,
27,In Peking in China finden derzeit die Olympischen Winterspiele statt.,,
28,Der Österreicher Matthias Mayer hat dort am Dienstag den Super-G gewonnen und damit die Gold-Medaille bekommen.,Der Ski-Rennläufer Matthias Mayer gewann den Super-G und holte die Goldmedaille. ,Er kürte sich wie schon 2018 zum Super-G-Olympiasieger und ist damit nach seinem Olympia-Abfahrts-Gold 2014 in Sotschi sowie Abfahrts-Bronze am Montag erfolgreichster alpiner Österreicher bei Olympia. 
29,Mayer gewann schon im Jahr 2014 und im Jahr 2018 eine Gold-Medaille.,Mayer gewann schon 2014 und 2018 eine Goldmedaille. ,Er kürte sich wie schon 2018 zum Super-G-Olympiasieger und ist damit nach seinem Olympia-Abfahrts-Gold 2014 in Sotschi sowie Abfahrts-Bronze am Montag erfolgreichster alpiner Österreicher bei Olympia. 
30,Das hat bisher noch kein Schi-Rennfahrer aus Österreich geschafft.,Damit ist er der erfolgreichste österreichische Ski-Rennfahrer bei Olympischen Spielen überhaupt. ,Benjamin Karl holte im Secret Garden in Zhangjiakou sensationell mit 36 Jahren Gold nach einem Finalsieg über den Slowenen Tim Mastnak. 
31,Der österreichische Snowboarder Benjamin Karl gewann den Parallel-Riesentorlauf.,Der 36-jährige Benjamin Karl holte im Parallel-Riesentorlauf die Gold-Medaille. ,Die 23-jährige Kärntnerin holte also Silber. 
32,Er holte sich damit die Gold-Medaille.,Der 36-jährige Benjamin Karl holte im Parallel-Riesentorlauf die Gold-Medaille. ,Und er übertraf mit seinem vierten olympischen Edelmetall in der Ewigen Bestenliste u.a. auch den legendären Toni Sailer (1956 dreimal Gold) sowie auch Hermann Maier (2-1-1). 
33,Und die österreichische Snowboarderin Daniela Ulbing kam im Parallel-Riesentorlauf auf den 2. Platz.,Bei den Frauen kam Daniela Ulbing im Parallel-Riesentorlauf auf den 2. Platz und gewann damit die Silber-Medaille. ,Der Dienstag war auch ein Jubeltag für Österreichs Snowboarder im olympischen Parallel-Riesentorlauf: 
34,Damit gewann sie die Silber-Medaille.,Bei den Frauen kam Daniela Ulbing im Parallel-Riesentorlauf auf den 2. Platz und gewann damit die Silber-Medaille. ,
35,In England ist ein Mann über 70 Jahre lang ohne Führerschein und ohne Versicherung mit dem Auto gefahren.,Ein Mann ist in England mehr als 70 Jahre lang ohne Führerschein oder Versicherung Auto gefahren. ,Ein Mann ist in England nach eigenen Angaben mehr als 70 Jahre lang ohne Führerschein oder Versicherung Auto gefahren. 
36,Der Mann geriet mit seinem Mini in eine Polizei-Kontrolle.,Der 1938 geborene Pensionist geriet mit seinem Mini One in eine Verkehrskontrolle. ,"Wie die Polizei mitteilte, geriet der 1938 geborene Mann in der Nähe von Nottingham mit seinem Mini One in eine Routinekontrolle. "
37,Er hatte keine Papiere.,Papiere konnte er nicht vorweisen. ,Papiere konnte er nicht vorweisen. 
38,"Der Polizei sagte er, dass er Auto fährt seit er 12 ist und dass er nie einen Führerschein oder eine Versicherung hatte.","Er sagte aber der Polizei, dass er seit seinem zwölften Lebensjahr Auto fährt und nie einen Führerschein oder eine Versicherung gehabt hat. ","Er gab aber an, seit seinem zwölften Lebensjahr hinter dem Steuer zu sitzen, ohne je einen Führerschein oder eine Versicherung gehabt zu haben. "
39,"Irgendwie schaffte er es, dass die Polizei ihn nie anhielt.","„Irgendwie hat er es geschafft, nie von der Polizei angehalten zu werden“, postete die englische Polizei auf Facebook. ","""Irgendwie hat er es geschafft, nie von der Polizei angehalten zu werden"", hieß es weiter in dem Facebook-Post, dessen Authentizität ein Polizeisprecher der Deutschen Presse-Agentur am Freitag bestätigte. "
40,Zum Glück hatte der Mann noch nie einen Unfall.,Zum Glück war der Mann auch nie in einen Unfall verwickelt. ,"Glücklicherweise sei der Mann auch nie in einen Unfall verwickelt gewesen, so die Mitteilung weiter. "
41,Am Montag hat der Gesundheits-Ausschuss vom Nationalrat die Corona-Impf-Pflicht beschlossen.,Im Gesundheits-Ausschuss des Nationalrats ist am Montag über die geplante Corona-Impflicht gesprochen und schließlich beschlossen worden. ,Der Entwurf zum Impfpflicht-Gesetz hat am Montagabend mit breiter Mehrheit den Gesundheitsausschuss des Nationalrates passiert. 
42,Die Impf-Pflicht soll für alle ab 18 Jahren in Österreich gelten.,Ab Februar soll sie für alle ab 18 Jahren in Österreich gelten. ,"Der Plan sieht vor, dass die Corona-Schutzimpfung ab Februar für alle Personen ab 18 Jahren mit Haupt- oder Nebenwohnsitz in Österreich verpflichtend wird. "
43,Nun muss der Nationalrat am Donnerstag darüber entscheiden.,Der Nationalrat entscheidet am Donnerstag über die Impfpflicht. ,"Ausnahmen gibt es für Schwangere und all jene, die aus medizinischen Gründen nicht geimpft werden können sowie für Genesene (bis sechs Monate nach der Genesung). "
44,"Ausnahmen gibt es für Schwangere und für Menschen, die sich aus medizinischen Gründen nicht impfen können.","Ausnahmen gibt es für Schwangere und Personen, die aus medizinischen Gründen nicht geimpft werden können. ",Nach dem nun erfolgten Ausschuss-Beschluss soll das Gesetz am Donnerstag im Plenum des Nationalrates beschlossen werden. 
45,Ab Anfang Februar bis Mitte März sollen alle Haushalte darüber informiert werden.,Ab Anfang Februar bis Mitte März wird jeder Haushalt über die Impflicht informiert. ,
46,Ab Mitte März soll die Impfpflicht auch kontrolliert werden.,Ab Mitte März wird sie kontrolliert. ,Bis Mitte März ist eine Eingangsphase ohne Strafen vorgesehen. 
47,"Wenn man als ungeimpft erkannt wird, muss man eine Strafe zahlen.","Wird man als ungeimpft ertappt, muss man mit einer Anzeige rechnen und eine Strafe zahlen. ",
48,Die Strafe kann 600 bis 3.600 Euro betragen.,Diese kann 600 Euro bis 3.600 Euro betragen. ,Der Strafrahmen reicht von 600 bis 3.600 Euro. 
49,In der spanischen Region Katalonien gab im Jahr 2017 eine Abstimmung.,In der spanischen Region Katalonien haben im Jahr 2017 viele Menschen bei einer Abstimmung für die Unabhängigkeit von Spanien gestimmt. ,
50,"Dabei stimmten viele Menschen dafür, dass Katalonien unabhängig von Spanien wird.",In der spanischen Region Katalonien haben im Jahr 2017 viele Menschen bei einer Abstimmung für die Unabhängigkeit von Spanien gestimmt. ,
51,Die damalige Regierung von Spanien sagte: Die Abstimmung ist gegen das Gesetz.,Die damalige Regierung von Spanien erkannte die Abstimmung nicht an und entließ viele katalanische Politiker. ,
52,Die spanische Regierung entließ auch viele Politiker von Katalonien.,Die damalige Regierung von Spanien erkannte die Abstimmung nicht an und entließ viele katalanische Politiker. ,
53,Dadurch wurde der Streit noch stärker.,Dadurch wurde der Streit zwischen Spanien und Katalonien noch stärker. ,"Nach einem Treffen in Barcelona kündigten Spaniens Ministerpräsident Pedro Sanchez und der katalanische Regionalpräsidenten Quim Torra am Donnerstagabend an, sie seien entschlossen, einen Ausweg aus der Krise zu finden. "
54,Heuer bekam Spanien eine neue Regierung.,Heuer bekam Spanien eine neue Regierung. ,"Nach einem Treffen in Barcelona kündigten Spaniens Ministerpräsident Pedro Sanchez und der katalanische Regionalpräsidenten Quim Torra am Donnerstagabend an, sie seien entschlossen, einen Ausweg aus der Krise zu finden. "
55,Der neue Premier-Minister von Spanien heißt Pedro Sanchez (sprich: Santsches).,Premier-Minister von Spanien ist nun Pedro Sanchez. ,Damals hatte der seit Juni amtierende Sanchez Torra in Madrid empfangen. 
56,Er will mit dem Streiten wegen Katalonien aufhören.,Er will den Streit mit Katalonien beenden. ,
57,Auch der Präsident von Katalonien will nun mit dem Streit aufhören.,Darauf hat sich Sanchez mit dem Präsidenten der Region Katalonien geeinigt. ,
58,In Spanien gibt es seit einiger Zeit politischen Streit wegen Katalonien.,,
59,"Man weiß aber noch nicht, wann der Streit wirklich vorbei sein wird.",,
60,Österreich ist wegen dem Corona-Virus seit einer Woche wieder im Lockdown.,Nach einer Woche Lockdown in Österreich hat die Regierung am Montag Gespräche zur Corona-Lage gestartet. ,
61,Die Regierung hat deshalb am Montag mit Experten geredet.,Nach einer Woche Lockdown in Österreich hat die Regierung am Montag Gespräche zur Corona-Lage gestartet. Dazu trafen sich mehrere Regierungs-Mitglieder mit den Sozialpartnern und Experten aus Wissenschaft und Wirtschaft. ,"An den Treffen im Kanzleramt nahmen neben Bundeskanzler Alexander Schallenberg (ÖVP), Vizekanzler Werner Kogler (Grüne), Gesundheitsminister Wolfgang Mückstein (Grüne) und Tourismusministerin Elisabeth Köstinger (ÖVP) auch die Sozialpartner, die Industriellenvereinigung sowie Vertreter aus Wissenschaft und Wirtschaft teil. "
62,Dabei haben sie über die aktuellen Corona-Zahlen gesprochen.,Besprochen wurde die aktuelle Entwicklung in der Corona-Krise und die neue Corona-Variante Omikron. ,"Es habe eine “Bestandsaufnahme” gegeben, hieß es von allen Seiten im Anschluss an die Gespräche. "
63,Sie haben auch die neue Corona-Art mit dem Namen Omikron besprochen.,Besprochen wurde die aktuelle Entwicklung in der Corona-Krise und die neue Corona-Variante Omikron. ,"Der Austausch zwischen Bundesregierung, Sozialpartnern und Experten zur aktuellen Pandemie-Lage in Österreich hat am Montag – wie im Vorfeld angekündigt – zu keinen konkreten Ergebnissen geführt. "
64,Wichtige Entscheidungen gab es bei dem Treffen aber nicht.,Wichtige Entscheidungen gab es bei dem Treffen nicht. ,Keine Festlegung gab es daher auch für die Zeit nach dem anvisierten Lockdown-Ende (für Geimpfte und Genesene) ab dem 12. Dezember. 
65,Der Lockdown soll noch bis zum 12. Dezember dauern.,"Man weiß auch noch nicht, wie es nach dem geplanten Lockdown-Ende am 12. Dezember weiter gehen soll. ","Es gelte nun, in den nächsten Tagen das Infektionsgeschehen genau zu beobachten, erklärte die Bundesregierung in einer knappen Presseaussendung im Anschluss an die Gespräche. "
66,"Man weiß noch nicht, wie es dann weitergehen soll.","Man weiß auch noch nicht, wie es nach dem geplanten Lockdown-Ende am 12. Dezember weiter gehen soll. ","Für den Dienstag ist ein weiterer “Runder Tisch” angesetzt, dabei wird es um die ab 1. Februar 2022 geplante Impfpflicht gehen. "
67,Die Regierung will die Corona-Lage in Österreich noch weiter beobachten.,Die Regierung will die Corona-Lage in den nächsten Tagen jetzt erstmal weiter beobachten. ,
68,Am Dienstag will die Regierung dann über die geplante Impf-Pflicht reden.,Am Dienstag will die Regierung dann mit den Experten über die geplante Impf-Pflicht beraten. ,
69,Die Corona-Regeln in Österreich werden ab Samstag weniger streng.,Ab kommenden Samstag gilt die 2G-Regel in Geschäften und Museen nicht mehr. ,"Neben den bereits bekannten Lockerungen ab kommendem Samstag wie dem Wegfall der 2G-Regel in Geschäften und Museen kündigte die Regierung am Dienstag in einer Aussendung an, dass die 2G-Regel bei körpernahen Dienstleistungen ebenfalls ab 12. Februar fällt. "
70,Dann gilt die 2G-Regel in Museen und in Geschäften nicht mehr.,Ab kommenden Samstag gilt die 2G-Regel in Geschäften und Museen nicht mehr. ,"Neben den bereits bekannten Lockerungen ab kommendem Samstag wie dem Wegfall der 2G-Regel in Geschäften und Museen kündigte die Regierung am Dienstag in einer Aussendung an, dass die 2G-Regel bei körpernahen Dienstleistungen ebenfalls ab 12. Februar fällt. "
71,"Das heißt, man muss nicht mehr genesen oder geimpft sein.","Man muss nicht mehr geimpft oder genesen sein,  es genügt auch ein negativer Corona-Test. ","Neben den bereits bekannten Lockerungen ab kommendem Samstag wie dem Wegfall der 2G-Regel in Geschäften und Museen kündigte die Regierung am Dienstag in einer Aussendung an, dass die 2G-Regel bei körpernahen Dienstleistungen ebenfalls ab 12. Februar fällt. "
72,Es genügt auch ein negativer Corona-Test.,"Man muss nicht mehr geimpft oder genesen sein,  es genügt auch ein negativer Corona-Test. ","Das heißt, für den Friseurbesuch braucht man künftig nicht mehr unbedingt einen Impf- oder Genesungsnachweis, sondern es reicht auch ein negatives Testergebnis (3G-Regel). "
73,Ab Samstag gilt 2G-Regel auch beim Friseur nicht mehr.,Ab Samstag gilt 2G auch beim Friseur nicht mehr. ,Es muss allerdings eine FFP2-Maske getragen werden. 
74,Man muss aber eine FFP2-Maske tragen.,Allerdings muss man eine FFP2-Maske tragen. ,"Außerdem gibt es keine Personenobergrenze bei Veranstaltungen mehr, hier muss man aber weiterhin geimpft oder genesen sein. "
75,Das hat die österreichische Regierung am Dienstag angekündigt.,Am Dienstag hat die österreichische Regierung weitere Lockerungen angekündigt. ,Bei Veranstaltungen bleiben sowohl die 2G-Regel als auch die FFP2-Maskenpflicht indoor wie outdoor. 
76,Bei Veranstaltungen können ab Samstag wieder mehr Menschen dabei sein.,"Außerdem gibt es bei Veranstaltungen keine Grenze mehr, wie viele Personen teilnehmen dürfen. ","Nachtgastronomie ist weiterhin nicht möglich, die Sperrstunde bleibt bei 24 Uhr. "
77,Es gibt keine Obergrenze mehr.,"Außerdem gibt es bei Veranstaltungen keine Grenze mehr, wie viele Personen teilnehmen dürfen. ",
78,Bei Veranstaltungen gilt aber immer noch die 2G-Regel.,Bei Veranstaltungen drinnen und draußen gilt aber weiterhin die 2G-Regel und die FFP2-Maskenpflicht. ,
79,Außerdem muss man bei Veranstaltungen eine FFP2-Maske tragen.,Bei Veranstaltungen drinnen und draußen gilt aber weiterhin die 2G-Regel und die FFP2-Maskenpflicht. ,
80,Das gilt drinnen und draußen.,Bei Veranstaltungen drinnen und draußen gilt aber weiterhin die 2G-Regel und die FFP2-Maskenpflicht. ,
81,In Österreich sind die Energie-Preise im letzten Jahr stark gestiegen.,Energiepreise wurden für die österreichischen Haushalte im letzten Jahr viel teurer. ,
82,Im Dezember 2021 kostete Energie um rund 1 Viertel mehr als noch vor einem Jahr.,"Im Dezember 2021 war Energie insgesamt um 24,1 Prozent teurer als ein Jahr davor. ","Die Energiepreise für die heimischen Haushalte waren im Dezember um 24,1 Prozent höher als ein Jahr davor, blieben aber unverändert gegenüber dem Vormonat November. "
83,"Besonders Heizöl, Benzin und Diesel kosten viel mehr.","Heizöl kostete sogar um 44,3 Prozent mehr, Diesel wurde um 33,9 Prozent teurer und Superbenzin um 31,3 Prozent. ","Heizöl kostete binnen Jahresfrist um 44,3 Prozent mehr, jedoch um 5,0 Prozent weniger als im November. Diesel wurde im Jahresabstand um 33,9 Prozent teurer und Superbenzin um 31,3 Prozent. "
84,Auch Gas und Strom kosteten deutlich mehr und werden wahrscheinlich noch teurer werden.,"Der Preis für Erdgas stieg um 27,7 Prozent, und für Strom musste man um 12,4 Prozent mehr bezahlen. ","Erdgas verteuerte sich auch binnen Jahresfrist besonders kräftig, nämlich um 27,7 Prozent. Für Strom musste um 12,4 Prozent tiefer in die Tasche gegriffen werden, für Holzpellets um 10,6 und für Brennholz um 9,7 Prozent. "
85,Deshalb müssen auch die Haushalte in Österreich mehr für die Energie bezahlen.,Energiepreise wurden für die österreichischen Haushalte im letzten Jahr viel teurer. ,"Fernwärme wurde nur um 3,4 Prozent kostspieliger, weniger als der VPI-Anstieg. "
86,,,"Für Strom und Gas haben viele Versorger schon weitere Preiserhöhungen für Jänner bzw. Februar angekündigt, andere haben solche bereits umgesetzt. "
87,In Österreich soll es ab Februar eine Corona-Impf-Pflicht geben.,Ab Februar soll es in Österreich eine Corona-Impfpflicht geben. ,"Ab Februar soll die Impfpflicht in Kraft treten, ab Mitte März der Impfstatus von der Polizei bei jeder Amtshandlung auch kontrolliert werden. "
88,"Die Polizei soll dann kontrollieren, ob die Menschen sich daran halten.","Ab Mitte März soll die Polizei kontrollieren, ob man geimpft ist oder nicht. ","Ab Februar soll die Impfpflicht in Kraft treten, ab Mitte März der Impfstatus von der Polizei bei jeder Amtshandlung auch kontrolliert werden. "
89,Polizei-Gewerkschafter von den Parteien SPÖ und der FPÖ wollen das aber nicht.,Polizei-Gewerkschafter von der SPÖ und der FPÖ kritisieren diese Pläne aber. ,Massive Kritik daran kommt nun von sozialdemokratischen und freiheitlichen Gewerkschaftern. 
90,"Sie sagen, dass die Gesundheits-Behörden diese Kontrollen machen sollen.","Sie verlangen, dass Beamte der Gesundheitsämter die Kontrollen durchführen und nicht die Polizei. ","Die Überwachung der Impfpflicht müsse hauptsächlich von Beamten der Gesundheitsämter durchgeführt werden, forderten die beiden Gewerkschafter Hermann Greylinger (FSG) und Werner Herbert (AUF) am Dienstag im “Ö1”-Morgenjournal. "
91,"Gesundheits-Minister Wolfgang Mückstein will aber, dass die Polizei die Kontrollen macht.","Gesundheitsminister Wolfgang Mückstein will aber, dass die Polizei die Impf-Kontrollen durchführt. ","Sie werde “für politische Zwecke zweckwidrig verwendet”, meinte Herbert. "
92,,,“Die Polizei hat diesen gesetzlichen Auftrag auszuführen. 
93,In Australien hat es starke Stürme mit Hagel gegeben.,In Australien hat es starke Stürme mit Hagel gegeben. ,Heftige Hagelstürme mit teilweise tennisballgroßen Hagelkörnern haben in der australischen Großstadt Sydney Millionenschäden verursacht. 
94,"Wenn es hagelt, fallen Eis-Körner vom Himmel.",,Heftige Hagelstürme mit teilweise tennisballgroßen Hagelkörnern haben in der australischen Großstadt Sydney Millionenschäden verursacht. 
95,Normalerweise sind die Hagel-Körner so klein wie Erbsen.,,Betroffen waren Sydney und die umliegenden Regionen der Central Coast. 
96,In der Stadt Sydney waren die Hagel-Körner diesmal aber so groß wie Tennis-Bälle.,Die Hagelkörner waren teilweise so groß wie Tennisbälle. Vor allem die Stadt Sydney war von den Stürmen und vom Hagel stark betroffen. ,
97,"Weil die Hagel-Körner so groß waren, machten sie viele Dinge kaputt.","Weil die Hagelkörner so groß waren, richteten sie große Schäden an. ","Die Zahlen dürften in den kommenden Tagen kräftig ansteigen, wenn sich weitere Betroffene wegen Schäden an Häusern, Geschäften oder Autos bei den Versicherungen melden. "
98,Zum Beispiel Auto-Scheiben und Dächer von Häusern.,Sie zerstörten zum Beispiel Autoscheiben und beschädigten Hausdächer. ,"Bei den Versicherungen gingen bis Freitagnachmittag 25.000 Schadensmeldungen in Höhe von insgesamt 125 Millionen australischen Dollar (rund 78 Millionen Euro) ein, wie der Versicherungsverband des Landes mitteilte. "
99,Die Haushalte in Österreich mussten im Oktober viel mehr für Energie bezahlen.,Die Energie-Preise für Haushalte in Österreich sind im Oktober um 23 Prozent gestiegen. ,"Die Energiepreise für die heimischen Haushalte waren im Oktober um 22,8 Prozent höher als ein Jahr davor. "
100,Die Energie-Preise stiegen um 23 Prozent.,Die Energie-Preise für Haushalte in Österreich sind im Oktober um 23 Prozent gestiegen. ,
101,Das ist fast um ein Viertel mehr.,Das ist fast um ein Viertel teurer als noch im Jahr davor. ,"Heizöl kostete 60,8 Prozent mehr, Diesel 34,8 und Super 29,4 Prozent, geht aus dem von der Österreichischen Energieagentur errechneten Energiepreisindex (EPI) hervor. "
102,Vor allem Heiz-Öl und Sprit wurden teurer.,Teurer wurden vor allem Heizöl und Sprit: ,"Heizöl kostete 60,8 Prozent mehr, Diesel 34,8 und Super 29,4 Prozent, geht aus dem von der Österreichischen Energieagentur errechneten Energiepreisindex (EPI) hervor. "
103,Heiz-Öl wurde sogar um mehr als die Hälfte teurer.,Heizöl kostete 61 Prozent mehr und Diesel fast 35 Prozent. ,Teurer wurden vor allem Heizöl und Sprit. 
104,Sprit kostete um ein Drittel mehr.,Heizöl kostete 61 Prozent mehr und Diesel fast 35 Prozent. ,"Gas kostete um 15,6 Prozent mehr, Strom um 9,6 Prozent. "
105,Auch Strom und Gas wurden teurer.,Auch Strom und Gas wurden teurer. ,
106,Die Kosten für Strom und Gas werden in nächster Zeit weiter ansteigen.,Die Kosten für Strom und Gas sollen auch in nächster Zeit noch weiter steigen. ,"Besonders Strom zeige preislich weiter nach oben, verweist die Energieagentur auf schon verschiedentlich erfolgte Ankündigungen von Tariferhöhungen. Bei Gas gebe es ebenfalls ein Preisplus. "
107,"Die Strom-Firmen und Gas-Anbieter haben angekündigt, ihre Preise weiter zu erhöhen.",Der Grund dafür sind Preis-Erhöhungen bei den heimischen Strom-Firmen und Gas-Anbietern. ,"Die von den kundenstarken EnergieAllianz-Partnern EVN, Wien Energie und Energie Burgenland avisierte Strompreiserhöhung per 1. Jänner 2022 lasse eine rund 50-prozentige Verteuerung des Arbeitspreises für Strom annehmen. "
108,Die jungen Menschen in Österreich fühlen sich wegen der Corona-Krise schlecht.,Die Jugend Österreichs fühlt sich wegen der Corona-Pandemie schlecht. ,Der neue Jugend Trend Monitor von Marketagent.com und der Eventagentur DocLX zeigt die Stimmung der jungen Generation nach knapp zwei Jahren Corona und sie ist schlecht.
109,Das ergab eine Umfrage.,Das hat eine Umfrage unter 2.500 Personen von 14 bis 24 Jahren ergeben. ,"Auch sonst halten sich die positiven Aussagen der 2.500 im Jänner 2022 befragten Jugendlichen und jungen Erwachsenen im Alter zwischen 14 und 24 Jahren in Grenzen, sie wünschen sich Reisen, Nachgastronomie und gemeinsame Erlebnisse mit Freunden."
110,"Rund 2 Drittel der jungen Österreicher fühlen sich gelangweilt, gestresst und überfordert.",Fast 2 Drittel der jungen Österreicher leiden unter Langeweile und Stress und fühlen sich überfordert. ,"Stattdessen sind die Emotionen junger Menschen seit Ausbruch der Pandemie überwiegend von Langeweile (64,9 Prozent), Stress (63 Prozent), Überforderung (62,5 Prozent), Gefühlen der Einsamkeit (59,9 Prozent), Hoffnungslosigkeit (58 Prozent), Depression (56,7 Prozent) und Wut (52,5 Prozent) geprägt."
111,Viele leiden auch unter Einsamkeit und Hoffnungslosigkeit.,Viele leiden auch unter Einsamkeit und Hoffnungslosigkeit. ,"Stattdessen sind die Emotionen junger Menschen seit Ausbruch der Pandemie überwiegend von Langeweile (64,9 Prozent), Stress (63 Prozent), Überforderung (62,5 Prozent), Gefühlen der Einsamkeit (59,9 Prozent), Hoffnungslosigkeit (58 Prozent), Depression (56,7 Prozent) und Wut (52,5 Prozent) geprägt."
112,Die jungen Leute fühlen sich mit ihren Sorgen alleine gelassen.,Die Jugendlichen fühlen sich mit ihren Sorgen alleine gelassen. ,"Die jungen Österreicher sehen sich mit ihren Sorgen alleine gelassen und stellen der Politik ein schlechtes Zeugnis aus, wenn es um ihre Interessen geht."
113,Sie wünschen sich mehrere Dinge.,"Sie wünschen sich wieder mehr Reisen  und wollen wieder in Nachtlokale gehen können, um wieder gemeinsame Erlebnisse mit Freunden zu teilen. ","Auch sonst halten sich die positiven Aussagen der 2.500 im Jänner 2022 befragten Jugendlichen und jungen Erwachsenen im Alter zwischen 14 und 24 Jahren in Grenzen, sie wünschen sich Reisen, Nachgastronomie und gemeinsame Erlebnisse mit Freunden."
114,Zum Beispiel wollen sie wieder mehr Reisen,"Sie wünschen sich wieder mehr Reisen  und wollen wieder in Nachtlokale gehen können, um wieder gemeinsame Erlebnisse mit Freunden zu teilen. ",
115,und wollen wieder in Nacht-Lokale gehen können.,"Sie wünschen sich wieder mehr Reisen  und wollen wieder in Nachtlokale gehen können, um wieder gemeinsame Erlebnisse mit Freunden zu teilen. ",
116,"Viele Haushalte in Österreich haben Schwierigkeiten, ihre Energie-Rechnung zu bezahlen.","Viele Haushalte haben Schwierigkeiten, ihre Energie-Rechnung zu bezahlen. ",
117,Deshalb will die Regierung den Haushalten jetzt helfen.,Deshalb hat die österreichische Regierung einen sogenannten Energie-Kostenausgleich beschlossen. ,"Angesichts der hohen Energiepreise mobilisiert die Regierung rund 600 Millionen Euro für einen Energiekostenausgleich, durch den fast alle heimischen Haushalte einmalig 150 Euro bekommen sollen. "
118,Fast jeder Haushalt soll 1 Mal 150 Euro bekommen.,Fast alle österreichischen Haushalte bekommen einmal 150 Euro. ,"Angesichts der hohen Energiepreise mobilisiert die Regierung rund 600 Millionen Euro für einen Energiekostenausgleich, durch den fast alle heimischen Haushalte einmalig 150 Euro bekommen sollen. "
119,Besonders arme Haushalte bekommen noch 1 Mal 150 Euro dazu.,Bedürftige Haushalte bekommen noch einmal 150 Euro dazu. ,"Außerdem erhalten besonders Bedürftige zusätzlich zur schon beschlossenen Einmalzahlung von 150 Euro noch weitere 150 Euro - das gilt etwa für Arbeitslose, Mindestsicherungs- und Ausgleichszulagenbezieher. "
120,Das gilt zum Beispiel für Arbeitslose.,"Das gilt zum Beispiel für Arbeitslose und Menschen, die Mindestsicherung oder eine sehr niedrige Pension bekommen. ","Außerdem erhalten besonders Bedürftige zusätzlich zur schon beschlossenen Einmalzahlung von 150 Euro noch weitere 150 Euro - das gilt etwa für Arbeitslose, Mindestsicherungs- und Ausgleichszulagenbezieher. "
121,"Es gilt aber auch für Menschen, die Mindest-Sicherung oder eine sehr niedrige Pension bekommen.","Das gilt zum Beispiel für Arbeitslose und Menschen, die Mindestsicherung oder eine sehr niedrige Pension bekommen. ","Damit wolle man ""Notsituationen in den Wintermonaten abwenden"", die Kaufkraft der Menschen erhalten und die aktuell verschärfte Preissituation insbesondere in Bezug auf Energiekosten für die heimischen Haushalte ausgleichen, heißt es zu den ""Sofortmaßnahmen gegen Teuerung"". "
122,,,"Damit wolle man ""Notsituationen in den Wintermonaten abwenden"", die Kaufkraft der Menschen erhalten und die aktuell verschärfte Preissituation insbesondere in Bezug auf Energiekosten für die heimischen Haushalte ausgleichen, heißt es zu den ""Sofortmaßnahmen gegen Teuerung"". "
123,Es gibt wieder weniger Arbeitslose.,Die Zahl der Arbeitslosen in Österreich ist leicht gesunken. ,Die Zahl der Arbeitslosen ist im Vergleich zur Vorwoche leicht gesunken. 
124,Derzeit sind in Österreich 407.000 Menschen arbeitslos.,"Derzeit sind 406.987 Menschen arbeitslos, das sind um 3.520 weniger als noch vor einer Woche. ","Derzeit sind 406.987 Personen beim AMS arbeitslos gemeldet oder in Schulung, das sind um 3.520 Personen weniger als noch vor einer Woche. "
125,Das sind um 3.500 weniger als vor einer Woche.,"Derzeit sind 406.987 Menschen arbeitslos, das sind um 3.520 weniger als noch vor einer Woche. ","Bemerkenswert ist, dass die Arbeitslosigkeit mit derzeit 406.987 arbeitslos gemeldeten Personen inklusive Teilnehmerinnen und Teilnehmern an AMS Schulungen um knapp 23.700 Personen unter dem Niveau der Vergleichswoche 2019 liegt”, erklärte Arbeitsminister Martin Kocher (ÖVP) am Dienstag laut Aussendung. "
126,Es sind sogar um fast 24.000 weniger Arbeitslose als im Jänner 2019.,"Derzeit gibt es sogar um 23.700 weniger Arbeitslose als im Jänner 2019, also vor der Corona-Krise. ","Bemerkenswert ist, dass die Arbeitslosigkeit mit derzeit 406.987 arbeitslos gemeldeten Personen inklusive Teilnehmerinnen und Teilnehmern an AMS Schulungen um knapp 23.700 Personen unter dem Niveau der Vergleichswoche 2019 liegt”, erklärte Arbeitsminister Martin Kocher (ÖVP) am Dienstag laut Aussendung. "
127,2019 war das letzte Jahr vor der Corona-Krise.,"Derzeit gibt es sogar um 23.700 weniger Arbeitslose als im Jänner 2019, also vor der Corona-Krise. ","Positiv sei auch, dass sich die Jugendarbeitslosigkeit nach nationaler Definition auf niedrigerem Niveau als vor der Krise bewege. "
128,Es gibt derzeit auch weniger arbeitslose Jugendliche als vor der Corona-Krise.,Auch die Jugend-Arbeitslosigkeit ist derzeit niedriger als vor der Corona-Pandemie. ,"Ein Anstieg wurde bei den Anmeldungen zur Kurzarbeit verzeichnet, diese kletterten von 114.961 auf 136.995. "
129,,,"Ein Anstieg wurde bei den Anmeldungen zur Kurzarbeit verzeichnet, diese kletterten von 114.961 auf 136.995. "
130,Im Dschungel von der Insel Borneo in Asien leben Orang-Utans.,Auf der Insel Borneo in Asien lebt im Dschungel eine Affenart namens Orang-Utan. ,
131,Orang-Utans sind eine Affenart.,Auf der Insel Borneo in Asien lebt im Dschungel eine Affenart namens Orang-Utan. ,Die Menschenaffen mit normalerweise rotbraunem Fell gelten heute als stark gefährdet oder gar vom Aussterben bedroht. 
132,Orang-Utans haben normalerweise rot-braunes Fell.,Diese Menschenaffen haben normalerweise rot-braunes Fell. ,"Das damals noch namenlose Tier war im April 2017 in einem abgelegenen Dorf entdeckt worden, tief im Inneren der Insel. "
133,Aber im Jahr 2017 wurde ein weißer Orang-Utan gefunden.,Im April 2017 wurde aber in einem Dorf ein weißes Orang-Utan Weibchen gefunden. ,"Eingesperrt in einen winzigen Holzkäfig, verwahrlost, lethargisch, die helle Haut von der Sonne verbrannt. "
134,Das Weibchen war verletzt.,Es war verletzt. ,Alba wurde in einer Station der Tierschutzorganisation Borneo Orangutan Survival (BOS) aufgepäppelt. Dort bekam sie auch ihren Namen: 
135,Pfleger haben das Tier wieder gesund gepflegt.,Das Orang-Utan Weibchen wurde von Pflegern gesund gepflegt und Alba getauft. ,"Der vermutlich einzige weiße Orang-Utan der Welt, ein Weibchen namens Alba, ist zurück im Dschungel von Borneo. "
136,Die Pfleger nannten das weiße Orang-Utan-Weibchen Alba.,Das Orang-Utan Weibchen wurde von Pflegern gesund gepflegt und Alba getauft. ,"Der vermutlich einzige weiße Orang-Utan der Welt, ein Weibchen namens Alba, ist zurück im Dschungel von Borneo. "
137,Jetzt wurde Alba wieder zurück in den Dschungel von Borneo gebracht.,Jetzt wurde Alba zurück in den Dschungel gebracht. ,"Allerdings drohen Gefahren: nicht nur von Raubtieren und Artgenossen, auch von menschlichen Trophäensammlern. "
138,Weiße Orang-Utans wie Alba sind aber sehr selten.,Weiße Orang-Utans sind sehr selten. ,Auch deshalb steht Alba nach der Auswilderung unter besonderem Schutz. 
139,Deshalb könnten Wilderer sie jagen wollen.,"Daher kann es sein, dass Wilderer Alba jagen werden. ","“Insgesamt passen rund um die Uhr, 24 Stunden lang, in verschiedenen Schichten, 24 Dayaks auf sie auf”, sagt Jamartin. "
140,Darum wird Alba Tag und Nacht bewacht.,Sie wird Tag und Nacht von insgesamt 24 Personen bewacht. ,
141,Der Fußball-Klub Rapid hat einen neuen Trainer.,Der österreichische Fußball-Klub Rapid hat mit Ferdinand Feldhofer einen neuen Trainer. ,"Die Trainerfrage bei Fußball-Rekordmeister Rapid ist gelöst. Ferdinand Feldhofer wird ab Montag die Nachfolge von Interimstrainer Steffen Hofmann antreten, der am 10. November nach dem Aus von Dietmar Kühbauer eingesetzt worden war. "
142,Er heißt Ferdinand Feldhofer.,Der österreichische Fußball-Klub Rapid hat mit Ferdinand Feldhofer einen neuen Trainer. ,"Ferdinand Feldhofer wird ab Montag die Nachfolge von Interimstrainer Steffen Hofmann antreten, der am 10. November nach dem Aus von Dietmar Kühbauer eingesetzt worden war. "
143,Feldhofer übernimmt das Amt von Steffen Hofmann.,Feldhofer übernimmt das Amt von Steffen Hofmann. ,
144,Hofmann hat die Mannschaft vorübergehend trainiert.,Hofmann hatte die Mannschaft vorübergehend trainiert. ,
145,Davor war Dietmar Kühbauer der Trainer von Rapid.,Davor war Rapid lange Zeit von Dietmar Kühbauer trainiert worden. ,
146,Er hatte aber in letzter Zeit keinen Erfolg mehr mit Rapid.,"Kühbauer hatte zuletzt aber keinen Erfolg mehr, deshalb musste er Rapid verlassen. ","Für ihn ist es eine Rückkehr, zählte er doch als aktiver Spieler zu jener Mannschaft, die 2005 den Meistertitel holte. "
147,Deshalb musste Kühbauer Rapid verlassen.,"Kühbauer hatte zuletzt aber keinen Erfolg mehr, deshalb musste er Rapid verlassen. ","Für ihn ist es eine Rückkehr, zählte er doch als aktiver Spieler zu jener Mannschaft, die 2005 den Meistertitel holte. Der Ex-WAC-Coach unterschrieb bei den Hütteldorfern am Sonntag einen Vertrag für eineinhalb Jahre mit Option für eine Verlängerung. "
148,Der neue Trainer Feldhofer hat früher selbst für Rapid gespielt.,Der neue Trainer Feldhofer war selbst Spieler bei Rapid. ,Der Ex-WAC-Coach unterschrieb bei den Hütteldorfern am Sonntag einen Vertrag für eineinhalb Jahre mit Option für eine Verlängerung. 
149,Er hat im Jahr 2005 sogar den Meistertitel geholt.,Er holte dort 2005 den Meister-Titel und trainierte auch schon den Fußball-Klub WAC. ,Der 42-Jährige wird sein Debüt auf der Rapid-Trainerbank damit am Sonntag im Heim-Derby gegen die Austria geben. 
150,Außerdem trainierte er auch schon den Fußball-Klub WAC.,Er holte dort 2005 den Meister-Titel und trainierte auch schon den Fußball-Klub WAC. ,Der 42-Jährige wird sein Debüt auf der Rapid-Trainerbank damit am Sonntag im Heim-Derby gegen die Austria geben. 
151,"Feldhofer hat einen Vertrag für 1,5 Jahre unterschrieben.","Feldhofer unterschrieb bei Rapid einen Vertrag für 1,5 Jahre. ",
152,Sein erstes Spiel findet am Sonntag statt.,Das erste Spiel für Feldhofer als Rapid-Trainer findet am Sonntag statt. ,
153,"Der Gegner ist die Wiener Austria, der große Rivale von Rapid.",Der Gegner ist im Heim-Spiel der große Stadt-Rivale von Rapid: die Austria. ,
154,Am Montag hat die Polizei in Graz eine tote Frau bei einem Wohnungs-Brand gefunden.,Die Polizei in Graz hat am Montag bei einem Wohnungsbrand eine tote Frau gefunden. ,Nach dem Fund einer Toten am Montag bei einem Wohnungsbrand in Graz geht die Polizei von einem Gewaltverbrechen aus. 
155,Der Körper der toten 41 Jahre alten Frau zeigte mehrere Gewalt-Spuren.,Die Leiche der 41-jährigen wies deutliche Gewalt-Spuren am ganzen Körper auf. ,Nach dem Fund einer Toten am Montag bei einem Wohnungsbrand in Graz geht die Polizei von einem Gewaltverbrechen aus. 
156,"Deshalb glaubt die Polizei, dass sie ermordet wurde.",Die Polizei geht deshalb von Mord aus. ,"Die 41-Jährige wies deutliche Spuren massiver Gewalteinwirkung am ganzen Körper auf, wie ein Polizist am Dienstag der APA sagte. "
157,Die Untersuchungen sind aber schwierig.,Die Ermittlungen sind schwierig. ,Die Ermittlungen gestalteten sich schwierig. 
158,Die Wohnung der Frau soll ein Messie-Haushalt sein.,Bei der Wohnung soll es sich um einen Messie-Haushalt handeln. ,Es soll sich bei der Wohnung beim Hauptbahnhof um einen Messie-Haushalt handeln. 
159,"Also ein Haushalt, in dem alles Mögliche gesammelt wurde und herum lag.","Also um einen Haushalt, in dem alles Mögliche gesammelt wurde und herum lag. ",
160,Laut Polizei war es kein großer Brand.,Laut Polizei soll es kein großer Brand gewesen sein. ,Ein Nachbar der 41-jährigen Mieterin der Wohnung hatte am Montag gegen 11.00 Uhr im vierten Stock eines Mehrparteienhaus in der Waagner-Biro-Straße Brandgeruch wahrgenommen. 
161,"Aber es konnte noch nicht gesagt werden, ob der Brand absichtlich gelegt wurde.","Ob der Brand möglicherweise gelegt wurde, konnte noch nicht gesagt werden. ","Der Mann verständigte über den Notruf die Einsatzkräfte und sah selbst in der Wohnung nach, deren Tür unversperrt gewesen war. "
162,,,"Ein großer Brand soll es nicht gewesen sein, wie ein Polizeisprecher sagte. "
163,,,"Ob der Brand möglicherweise gelegt wurde, konnte nicht gesagt werden. "
164,Anfang März könnte ein Teil von einer alten Rakete der Firma SpaceX in den Mond krachen.,Laut Berechnung der US-Weltraumbehörde NASA könnte nun Anfang März ein Teil der Rakete in den Mond krachen. ,"Ein Teil einer SpaceX-Rakete könnte nach Berechnungen von Wissenschaftern der US-Raumfahrtbehörde NASA Anfang März mit dem Mond zusammenstoßen. Die Rakete war 2015 vom Weltraumbahnhof Cape Canaveral gestartet und hatte das ""Deep Space Climate Observatory"", einen Erdbeobachtungssatelliten, ins All gebracht. "
165,Das hat die NASA berechnet.,Laut Berechnung der US-Weltraumbehörde NASA könnte nun Anfang März ein Teil der Rakete in den Mond krachen. ,"Danach reichte jedoch der Treibstoff der Raketenstufe nicht aus, um zurück zur Erde zu kommen, weswegen sie seitdem im All unterwegs ist. "
166,NASA ist die Weltraum-Behörde von den USA.,,Ein Teil einer SpaceX-Rakete könnte nach Berechnungen von Wissenschaftern der US-Raumfahrtbehörde NASA Anfang März mit dem Mond zusammenstoßen. 
167,Die Rakete von SpaceX startete im Jahr 2015 in den Weltraum.,2015 ist eine Rakete der Firma SpaceX ins All gestartet. ,"Die Flugbahn der ""Falcon 9""-Raketenstufe werde derzeit beobachtet, sagte eine NASA-Sprecherin am Donnerstag der Deutschen Presse-Agentur. "
168,"Sie hatte aber nicht mehr genug Treibstoff, um zur Erde zurück zu kommen.","Der Treibstoff der Rakete reichte aber nicht mehr aus um zur Erde zurückzukehren, weshalb sie seither im All unterwegs ist. ","Der Aufprall werde von der Sonde ""Lunar Reconnaissance Orbiter"" nicht live beobachtet werden können, hieß es von der NASA. "
169,Seitdem fliegt die Rakete im All.,"Der Treibstoff der Rakete reichte aber nicht mehr aus um zur Erde zurückzukehren, weshalb sie seither im All unterwegs ist. ","Es werde aber untersucht, ob danach Veränderungen auf dem Mond und ein möglicher durch den Aufprall entstandener Krater analysiert werden könnten. "
170,Man kann den Aufprall aber nicht direkt beobachten.,Der Aufprall wird nicht live beobachtet werden können. ,Die Suche nach dem Krater werde eine große Herausforderung und könne Wochen oder sogar Monate dauern. 
171,Aber die Absturz-Stelle wird untersucht werden.,"Allerdings wird untersucht werden, ob danach Veränderungen auf dem Mond erkennbar sind. ",
172,Zuerst muss aber die Absturz-Stelle gefunden werden.,Die Suche nach dem Krater könnte aber Wochen bis Monate dauern. ,
173,Das kann mehrere Wochen oder auch Monate dauern.,Die Suche nach dem Krater könnte aber Wochen bis Monate dauern. ,
174,Jedes Jahr wählt der Fußball-Weltverband FIFA den besten Spieler des Jahres.,Am Montag hat der Fußball-Weltverband FIFA wie jedes Jahr den besten Fußball-Spieler des Jahres gewählt. ,
175,Für das Jahr 2021 wurde Robert Lewandoski aus Polen gewählt.,Gewonnen hat der polnische Fußballspieler Robert Lewandowski. ,Robert Lewandowski vom FC Bayern München ist am Montag zum zweiten Mal in Folge von der FIFA als Weltfußballer des Jahres ausgezeichnet worden. 
176,Damit hat Lewandoski diese Auszeichnung 2 Mal hintereinander gewonnen.,Damit hat Lewandowski die Auszeichnung bereits 2 Mal in Folge gewonnen. ,Robert Lewandowski vom FC Bayern München ist am Montag zum zweiten Mal in Folge von der FIFA als Weltfußballer des Jahres ausgezeichnet worden. 
177,Lewandowski spielt beim deutschen Fußball-Club Bayern München.,Lewandowski spielt für den deutschen Fußball-Club Bayern München. ,Robert Lewandowski vom FC Bayern München ist am Montag zum zweiten Mal in Folge von der FIFA als Weltfußballer des Jahres ausgezeichnet worden. 
178,Zum besten Trainer wurde Thomas Tuchel gewählt.,Zum besten Trainer des Jahres wurde Thomas Tuchel gewählt. ,Chelsea-Coach Thomas Tuchel wurde nach dem Triumph der “Blues” in der Champions League als Welttrainer geehrt. 
179,Der Deutsche ist Trainer von dem englischen Fußball-Club Chelsea.,Tuchel kommt aus Deutschland und ist Trainer des englischen Fußball-Clubs FC Chelsea. ,Chelsea-Coach Thomas Tuchel wurde nach dem Triumph der “Blues” in der Champions League als Welttrainer geehrt. 
180,,,
181,Marko Arnautovic ist ein Fußball-Spieler.,,Marko Arnautovic ist zum ersten Mal zu Österreichs Fußballer des Jahres gekürt worden. 
182,Er spielt in der National-Mannschaft von Österreich.,Arnautovic spielt in der österreichischen Fußball-Nationalmannschaft und in der englischen Fußball-Liga beim Klub West Ham. ,Marko Arnautovic ist zum ersten Mal zu Österreichs Fußballer des Jahres gekürt worden. 
183,Arnautovic spielt auch bei einem englischen Fußball-Klub.,Arnautovic spielt in der österreichischen Fußball-Nationalmannschaft und in der englischen Fußball-Liga beim Klub West Ham. ,Der Wiener gewann die von der APA – Austria Presse Agentur unter den Trainern der zwölf Bundesligisten durchgeführte Wahl mit 36 Punkten klar vor Rekordsieger David Alaba (Bayern München/16 Punkte) und Xaver Schlager (Red Bull Salzburg/10). 
184,Dieser Klub heißt West Ham.,Arnautovic spielt in der österreichischen Fußball-Nationalmannschaft und in der englischen Fußball-Liga beim Klub West Ham. ,Der Wiener gewann die von der APA – Austria Presse Agentur unter den Trainern der zwölf Bundesligisten durchgeführte Wahl mit 36 Punkten klar vor Rekordsieger David Alaba (Bayern München/16 Punkte) und Xaver Schlager (Red Bull Salzburg/10). 
185,Arnautovic ist jetzt zum österreichischen Fußballer des Jahres gewählt worden.,Marko Arnautovic ist zum Fußballer des Jahres in Österreich gewählt worden. ,
186,Er gewann diesen Preis zum 1. Mal.,Arnautovic gewann die Auszeichnung zum 1. Mal. ,
187,Letztes Jahr war Marcel Sabitzer Fußballer des Jahres.,Letztes Jahr gewann Marcel Sabitzer die Wahl. ,"“Er bringt über einen langen Zeitraum auf extrem hohem Niveau Leistungen, die oft den Unterschied ausmachen, im Nationalteam und bei West Ham.” "
188,Davor war David Alaba 6 Mal Fußballer des Jahres.,Von 2011 bis 2016 gewann David Alaba. ,
189,In England ist am Wochenende ein Lokal bei einem Schneesturm eingeschneit worden.,Am Wochenende ist in England ein Pub mit rund 60 Gästen bei einem Sturm eingeschneit worden. ,Wegen Schnee und Wind am Wochenende haben Besucher eines Pubs in Nordengland eine dritte Nacht in einem Pub verbringen müssen. Die rund 60 Gäste waren nach dem Auftritt einer Oasis-Cover-Band am Freitagabend gestrandet. Wegen Schnee und Wind am Wochenende haben Besucher eines Pubs in Nordengland eine dritte Nacht in einem Pub verbringen müssen. 
190,In dem Lokal sind rund 60 Gäste.,,
191,Die Gäste haben jetzt schon 3 Nächte in dem Lokal bleiben müssen.,Die Gäste müssen bereits seit 3 Nächten in dem Pub bleiben. ,
192,Für die Gäste ist das aber anscheinend nicht so schlimm.,Den Gästen scheint das aber nicht viel auszumachen. ,Wegen Schnee und Wind am Wochenende haben Besucher eines Pubs in Nordengland eine dritte Nacht in einem Pub verbringen müssen. 
193,"Die Wirtin sagt, dass die Gäste viel singen und spielen.","Laut der Wirtin vertrieben sich die Gäste die Zeit bisher mit Singen, Rätsel-Raten und Spielen. ",Die rund 60 Gäste waren nach dem Auftritt einer Oasis-Cover-Band am Freitagabend gestrandet. 
194,Sie haben auch genug zu Essen.,Auch zu essen gab es genug. ,
195,Alkohol dürfen die Gäste erst am Nachmittag trinken.,Die Alkoholausschank wurde allerdings beschränkt. ,"Die Pub-Besucher vertrieben sich die Zeit mit Karaoke, Pub-Quiz und Brettspielen, wie Townsend berichtete. "
196,"Man weiß noch nicht, wann die Straßen zu dem Lokal wieder frei sind.","Wann die Straßen zu dem abgelegenen Pub wieder frei sein werden, ist bisher noch unklar. ","“Wir haben eine Menge zu essen”, sagte Townsend dem britischen Sender ITV. "
197,,,"Den Alkoholausschank habe sie auf die Zeit nach 15.00 Uhr beschränkt, fuhr Townsend fort. "
198,,,"Wie die Wirtin des Tan Hill Inn, Nicola Townsend, am Montag im BBC-Radio sagte, sei noch unklar, wann die Straße zu dem im Nationalpark Yorkshire Dales gelegenen Lokal freigeräumt werden kann. "
199,Viele Lebensmittel in Österreich landen im Müll.,In Österreich landen viele Lebensmittel im Müll. ,"1,4 Milliarden Euro sind die Lebensmittel wert, die pro Jahr auf den österreichischen Müllverbrennungsanlagen landen, 1,5 Millionen Tonnen CO2 werden für deren Herstellung ebenso jedes Jahr sinnlos verursacht. "
200,"Jährlich werden Lebensmittel im Wert von 1,4 Milliarden Euro verbrannt.","Jedes Jahr werden Lebensmittel im Wert von 1,4 Milliarden Euro verbrannt. ","1,4 Milliarden Euro sind die Lebensmittel wert, die pro Jahr auf den österreichischen Müllverbrennungsanlagen landen, 1,5 Millionen Tonnen CO2 werden für deren Herstellung ebenso jedes Jahr sinnlos verursacht. "
201,Das hat die Umweltschutz-Organisation Greenpeace gesagt.,Das hat die Umweltschutz-Organisation Greenpeace am Dienstag erklärt. ,"1,4 Milliarden Euro sind die Lebensmittel wert, die pro Jahr auf den österreichischen Müllverbrennungsanlagen landen, 1,5 Millionen Tonnen CO2 werden für deren Herstellung ebenso jedes Jahr sinnlos verursacht. "
202,"Das Verbrennen der Lebensmittel verursacht 1,5 Millionen Tonnen CO2.","Durch das Verbrennen der Lebensmittel werden 1,5 Millionen Tonnen CO2 verursacht. ","Das ergab eine aktuelle Recherche der Umweltschutzorganisation Greenpeace, die am Dienstag publiziert wurde. "
203,"Das ist rund halb so viele Treibhausgase, wie der Flugverkehr in Österreich vor Corona verursachte.","Das ist rund die Hälfte der Menge an Treibhausgasen, die der österreichische Flugverkehr vor der Corona-Krise verursachte. ","Die so emittierten Treibhausgase erreichen rund die Hälfte jener Menge, die der österreichischen Flugverkehr noch vor der Pandemie ausgestoßen hat. "
204,"Greenpeace fordert nun, dass man mehr gegen die Verschwendung von Lebensmitteln tut.",Greenpeace verlangt deshalb wirksame Maßnahmen gegen die Lebensmittel-Verschwendung. ,Greenpeace tritt daher für sanktionierbare und ambitionierte Maßnahmen im von der Regierung angekündigten Aktionsplan gegen Lebensmittelverschwendung ein. 
205,In der US-Stadt New York ist ein Gemälde für rund 45 Millionen Dollar versteigert worden.,In New York ist ein Gemälde des italienischen Malers Sandro Botticelli bei einer Versteigerung für rund 45 Millionen Dollar versteigert worden. ,Ein Gemälde des italienischen Malers Sandro Botticelli (1445-1510) ist bei einer Auktion in New York für rund 45 Millionen Dollar (etwa 40 Millionen Euro) versteigert worden. 
206,Das Bild stammt von dem Maler Sandro Botticelli aus Italien.,In New York ist ein Gemälde des italienischen Malers Sandro Botticelli bei einer Versteigerung für rund 45 Millionen Dollar versteigert worden. ,"Drei Bieter hätten sich einen rund siebenminütigen Wettstreit um das Werk geliefert, teilte das Auktionshaus Sotheby's am Donnerstag mit. "
207,Es ist mehr als 500 Jahre alt und stellt Jesus Christus dar.,"Das Bild stammt aus dem späten 15. Jahrhundert oder dem frühen 16. Jahrhundert. Es ist ein Porträt von Jesus Christus und trägt den Namen: ""The Man of Sorrows"". ","Wer das Renaissance-Gemälde schlussendlich erwarb, wurde zunächst nicht mitgeteilt. "
208,"Der Name von dem Gemälde ist: ""The Man of Sorrows"".","Es ist ein Porträt von Jesus Christus und trägt den Namen: ""The Man of Sorrows"". ","Das im späten 15. oder frühen 16. Jahrhundert entstandene Werk ""The Man of Sorrows"" ist ein Porträt von Jesus Christus und befand sich zuvor in einer Privatsammlung. "
209,"Übersetzt auf Deutsch heißt das ""Der Schmerzensmann"".","Auf Deutsch heißt das Gemälde ""Schmerzensmann"". ","Das im späten 15. oder frühen 16. Jahrhundert entstandene Werk ""The Man of Sorrows"" ist ein Porträt von Jesus Christus und befand sich zuvor in einer Privatsammlung. "
210,Das sind umgerechnet rund 40 Millionen Euro.,,
