,de1,de2
0,FRANZ KAFKA Franz Kafka  ,"Franz Kafka, von neuem gewürdigt  "
1,"Als Franz Kafka, ein Jude deutscher Sprache aus Prag, einundvierzigjährig im Sommer des Jahres 1924 an der Schwindsucht starb, war sein Werk nur einem kleinen Kreis von Schriftstellern und einem noch kleineren Kreis von Lesern bekannt.","Vor gut zwanzig Jahren, im Sommer 1924, starb Franz Kafka im Alter von 44 Jahren."
2,Seither ist sein Ruf langsam und stetig gewachsen,"Während der folgenden Jahre wuchs sein Ruf ständig in Deutschland und Österreich, seit 1930 auch in Frankreich, England und Amerika.
alle sind betroffen von dem Neuartigen seiner Erzählerkunst, von etwas spezifisch Modernem, das sonst nirgends in der gleichen Stärke und Unzweideutigkeit erscheint."
3,in den zwanziger Jahren war er bereits einer der wichtigsten Autoren der Avantgarde in Deutschland und Österreich,
4,"in den dreißiger und vierziger Jahren erreichte sein Werk genau die gleichen Leser- und Schriftstellerschichten in Frankreich, England und Amerika.",
5,"Die spezifische Qualität seines Ruhmes änderte sich in keinem Lande und in keinem Jahrzehnt: immer wieder stand die Auflagenhöhe seiner Werke in keinem Verhältnis zu der immer noch anwachsenden Literatur über ihn oder zu dem immer noch sich vertiefenden und verbreiternden Einfluß, den dieses Werk auf die Schriftsteller der Zeit ausübt.","Das gemeinsame Erlebnis der Leser Kafkas ist eine allgemeine, unbestimmbare Bezauberung, sogar bei Erzählungen, die sie nicht verstehen, eine klare Erinnerung an merkwürdige und scheinbar unsinnige Bilder und Beschreibungen, - bis sich ihnen eines Tages der verborgene Sinn mit der plötzlichen Deutlichkeit einer einfachen und unangreifbaren Wahrheit enthüllt.    "
6,"Es ist durchaus charakteristisch für die Wirkung der Kafkaschen Prosa, daß die verschiedensten »Schulen« ihn für sich in Anspruch zu nehmen suchen;","Beginnen wir mit dem Roman Der Prozeß, über den eine kleine Bibliothek von Auslegungen veröffentlicht worden ist."
7,"es ist, als ob niemand, der sich für »modern« hält, an diesem Werke vorbeigehen könnte, weil hier so offenbar etwas spezifisch Neues am Werk ist, das nirgendwo sonst in der gleichen Intensität und mit der gleichen rücksichtslosen Einfachheit bisher zu Tage getreten ist.",
8,"Dies ist sehr überraschend, weil Kafka im Gegensatz zu anderen modernen Autoren sich von allen Experimenten und allen Manierismen fern gehalten hat.","Im Falle des K. wird die Unterwerfung nicht durch Gewalt erreicht, sondern einfach durch das wachsende Schuldgefühl, das die unbegründete Anschuldigung im beschuldigten Menschen erweckt."
9,"Seine Sprache ist klar und einfach wie die Sprache des Alltags, nur gereinigt von Nachlässigkeit und Jargon.",
10,Zu der unendlichen Vielfalt möglicher Sprachstile verhält sich das Kafkasche Deutsch wie Wasser sich verhält zu der unendlichen Vielfalt möglicher Getränke.,
11,"Seine Prosa scheint durch nichts Besonderes ausgezeichnet, sie ist nirgends in sich selbst bezaubernd oder betörend;","Und da K., ein vielbeschäftigter Bankangestellter, nie Zeit gehabt hat, über solche allgemeinen Prinzipien nachzudenken, wird er veranlaßt, gewisse ihm unbekannte Bezirke seines Ichs zu erforschen."
12,"sie ist vielmehr reinste Mitteilung und ihr einziges Charakteristikum ist, daß - sieht man genauer zu - es sich immer wieder herausstellt, daß man dies Mitgeteilte einfacher und klarer und kürzer keinesfalls hätte mitteilen können.","Dies wiederum führt ihn in Verwirrung, zur Verwechselung des organisierten und bösartigen Übels seiner Umwelt mit dem notwendigen Ausdruck jener allgemeinen Schuld, die harmlos und beinahe unschuldig ist, verglichen mit dem bösen Willen, der »die Lüge zur Weltordnung« macht und sogar des Menschen gerechtfertigte Demut braucht und mißbraucht."
13,"Der Mangel an Manieriertheit ist hier fast bis an die Grenze der Stillosigkeit, der Mangel an Verliebtheit in Worte als solche fast bis an die Grenze der Kälte getrieben.","Diese innere Entwicklung des Helden - seine éducation sentimentale - macht die zweite Schicht der Erzählung aus, die das Funktionieren der bürokratischen Maschine begleitet."
14,"Kafka kennt keine Lieblingsworte, keine bevorzugten syntaktischen Konstruktionen.","Die Ereignisse der Außenwelt und die innere Entwicklung treffen endlich in der letzten Szene der Hinrichtung zusammen, einer Hinrichtung, der sich K., obwohl sie grundlos stattfindet, ohne Sträuben unterwirft."
15,"Das Resultat ist eine neue Art der Vollkommenheit, die von allen Stilen der Vergangenheit gleich weit entfernt zu sein scheint.","Daß der Prozeß eine Kritik der bürokratischen Regierungsform der Vorkriegs-Verwaltung Österreichs enthält, dessen zahlreiche und sich bekämpfende Nationalitäten durch eine gleichförmige Beamtenhierarchie regiert wurden, ist seit dem ersten Erscheinen des Romans begriffen worden."
16,Es gibt in der Geschichte der Literatur kaum ein überzeugenderes Beispiel für die Verkehrtheit der Theorie vom »verkannten Genie« als die Tatsache des Kafkaschen Ruhmes.,"Kafka, Angestellter einer Arbeiterversicherungsgesellschaft und ein treuer Freund vieler osteuropäischer Juden, denen er die Genehmigung, in Österreich zu bleiben, verschaffen mußte, hatte eine sehr genaue Kenntnis der politischen Zustände seines Landes."
17,"In diesem Werk gibt es nicht eine Zeile und nicht eine einzige Geschichts-Konstruktion, die dem Leser, so wie er sich im Verlauf des vorigen Jahrhunderts herausgebildet hat, in seiner Suche nach »Unterhaltung und Belehrung« (Broch) entgegenkäme.","Dem Publikum der zwanziger Jahre schien das Übel der Bürokratie nicht groß genug zu sein, als daß es das Entsetzen und den Schrecken erklärlich machte, die im Roman zum Ausdruck kommen."
18,"Das einzige, was den Leser in Kafkas Werk lockt und verlockt, ist die Wahrheit selbst, und diese Verlockung ist Kafka in seiner stil-losen Vollkommenheit -- jeder »Stil« würde durch seinen eigenen Zauber von der Wahrheit ablenken -- bis zu dem unglaublichen Grade geglückt, daß seine Geschichten auch dann in Bann schlagen, wenn der Leser ihren eigentlichen Wahrheitsgehalt erst einmal nicht begreift.","Sie suchten daher nach anderen, scheinbar tieferen Auslegungen und fanden sie, nach der damaligen Mode, in einer geheimnisvollen Darstellung religiöser Realität, dem Ausdruck einer schrecklichen Theologie."
19,"Kafkas eigentliche Kunst besteht darin, daß der Leser eine unbestimmte, vage Faszination, die sich mit der unausweichlich klaren Erinnerung an bestimmte, erst scheinbar sinnlose Bilder und Begebenheiten paart, so lange aushält und sie so entscheidend in sein Leben mitnimmt, daß ihm irgendwann einmal, auf Grund irgendeiner Erfahrung plötzlich die wahre Bedeutung der Geschichte sich enthüllt mit der zwingenden Leuchtkraft der Evidenz.   ","Kafka hatte wirklich eine Gesellschaft gezeichnet, die sich als Stellvertretung Gottes eingesetzt hatte, und beschrieb Menschen, die die Gesetze der Gesellschaft als göttlich betrachteten - unwandelbar durch den menschlichen Willen."
20,"Der Prozeß, über den eine kleine Bibliothek von Auslegungen in den zwei Jahrzehnten, die seit seinem Erscheinen verstrichen sind, veröffentlicht worden ist, ist die Geschichte des Mannes K., der angeklagt ist, ohne zu wissen, was er getan hat, dem ein Prozeß gemacht wird, ohne daß er herausfinden kann, nach welchen Gesetzen der Prozeß und das Urteil gehandhabt werden, und der schließlich hingerichtet wird, ohne je erfahren zu haben, worum es sich eigentlich gehandelt hat.","Mit anderen Worten, was an der Welt, in der Kafkas Helden verstrickt sind, falsch ist, ist gerade ihre Vergöttlichung, ihre Anmaßung, eine göttliche Notwendigkeit darzustellen."
21,"Auf der Suche nach dem wahren Grund dieser Begebenheit findet er erst einmal heraus, daß hinter seiner Verhaftung »eine große Organisation sich befindet.","Kafka will diese Welt zerstören, indem er ihre scheußliche und verborgene Struktur aufdeckt, indem er Wirklichkeit und Anspruch einander gegenüberstellt."
22,"Eine Organisation, die nicht nur bestechliche Wächter, läppische Aufseher und Untersuchungsrichter, die günstigsten Falles bescheiden sind, beschäftigt, sondern die weiterhin jedenfalls eine Richterschaft hohen und höchsten Grades unterhält, mit dem zahllosen, unumgänglichen Gefolge von Dienern, Schreibern, Gendarmen und anderen Hilfskräften, vielleicht sogar Henkern...","Aber der moderne Leser - oder wenigstens der Leser der zwanziger Jahre, der sich durch Paradoxe als solche bezaubern ließ und von bloßen Gegensätzen angezogen wurde, wollte nicht mehr auf Vernunft hören."
23,Und der Sinn dieser großen Organisation...?,
24,"Er besteht darin, daß unschuldige Personen verhaftet werden und gegen sie ein sinnloses und meistens, wie in meinem Fall, ergebnisloses Verfahren eingeleitet wird«.","Sein Verständnis für Kafka offenbart mehr über ihn selber als über Kafka, es enthüllt seine Eignung für diese Gesellschaft, sei es auch die Eignung einer »Elite«.
Dieser Leser bleibt völlig ernst bei dem Sarkasmus Kafkas, von der lügnerischen Notwendigkeit und der notwendigen Lüge als einem göttlichen Gesetz.    
Kafkas nächster großer Roman, Das Schloß, führt uns in dieselbe Welt, die diesmal nicht durch die Augen eines Menschen gesehen wird, der sich am Ende der Notwendigkeit unterwirft und von ihrer Regierung nur erfährt, weil er von ihr verurteilt wird, sondern durch die Augen eines ganz anderen K. Dieser K. kommt aus freiem Willen zu ihr, als Fremder, und will einen sehr bestimmten Zweck erreichen:"
25,"Als K. merkt, daß solche Verfahren trotz ihrer Sinnlosigkeit nicht unbedingt ergebnislos zu verlaufen brauchen, nimmt er sich einen Rechtsanwalt, der ihm in langen Reden auseinandersetzt, auf welche Weise man sich den bestehenden Zuständen anpassen kann und wie unvernünftig es sei, sie zu kritisieren.",
26,"K., der sich nicht fügen will und seinen Advokaten entläßt, trifft mit dem Gefängnisgeistlichen zusammen, der ihm die verborgene Größe des Systems predigt und ihm anrät, nicht mehr nach der Wahrheit zu fragen, denn »man muß nicht alles für wahr halten, man muß es nur für notwendig halten«.","er will sich niederlassen, ein Mitbürger werden, sein Leben aufbauen und heiraten, Arbeit finden und ein nützliches Mitglied der Gesellschaft werden.  "
27,"Mit anderen Worten, wenn der Advokat sich nur bemühte zu demonstrieren:",
28,"So ist die Welt, hat der von dieser Welt angestellte Geistliche die Aufgabe zu erweisen:",
29,Dies ist die Weltordnung.,"Aber während er nichts weiter verlangt, ist es klar, daß er sich auch mit nichts Anderem begnügen wird."
30,Und da K. dies für eine »trübselige Meinung« hält und erwidert:,"aber Beschäftigung, »geregelte Arbeit«, verlangt er als sein Recht."
31,"»Die Lüge wird zur Weltordnung gemacht«, ist es klar, daß er seinen Prozeß verlieren wird;","Seine Schwierigkeiten beginnen, weil nur das Schloß seine Forderungen erfüllen kann;"
32,"da andererseits dies nicht »sein Endurteil« war und er versuchte, die »ungewohnten Gedankengänge« als »unwirkliche Dinge«, die ihn im Grunde nichts angingen, abzuweisen, verliert er nicht nur den Prozeß, sondern verliert ihn auf eine schmähliche Weise, so daß er schließlich der Hinrichtung nichts entgegenzusetzen hat als seine Scham.","und das Schloß wird das entweder als Gunstbezeigung tun oder wenn er einwilligt, in seinen Geheimdienst einzutreten:
- »ein scheinbarer Dorfarbeiter, der in Wirklichkeit sein ganzes Arbeitsverhältnis von den Nachrichten des Barnabas« - das ist der Bote des Hofes - »bestimmen ließ."
33,"Die Macht der Maschine, die K. ergreift und umbringt, ist nichts anderes als Schein der Notwendigkeit, der sich realisieren kann durch die Bewunderung der Menschen für Notwendigkeit.","Da seine Forderungen nichts anderes sind als die unveräußerlichen Menschenrechte, kann er sie nicht als Gunstbezeigung des Schlosses annehmen."
34,"Die Maschine kommt in Gang, weil Notwendigkeit für etwas Erhabenes gehalten wird und weil ihr Automatismus, der nur von Willkür unterbrochen wird, für das Sinnbild der Notwendigkeit genommen wird.",An diesem Punkt treten die Dorfleute auf
35,"Die Maschine wird in Gang gehalten durch die Lügen um der Notwendigkeit willen, so daß in voller Konsequenz ein Mann, der sich nicht dieser »Weltordnung«, dieser Maschinerie unterwerfen will, als Verbrecher gegen eine Art göttlicher Ordnung angesehen wird.","sie suchen K. davon zu überzeugen, daß ihm die Erfahrung fehle und daß er nicht wisse, daß das ganze Leben aus Gnade und Ungnade, aus Gunst und Mißgunst besteht und davon beherrscht wird, - beide so unverständlich und zufällig wie Glück und Unglück."
36,"Solche Unterwerfung ist dann erreicht, wenn die Frage nach Schuld und Unschuld völlig verstummt und an ihre Stelle die Entschlossenheit getreten ist, die von der Willkür befohlene Rolle im Spiel der Notwendigkeit zu spielen.","Im Recht oder im Unrecht zu sein, das sei ein Teil des »Geschickes«, versuchen sie ihm zu erklären, des Geschickes, das niemand ändern, das man nur erfüllen kann."
37,"Im Falle des Prozeß wird die Unterwerfung nicht durch Gewalt erreicht, sondern einfach durch das wachsende Schuldgefühl, das die unbegründete leere Anschuldigung im angeklagten K. erweckt.",K.s Fremdheit bekommt so eine weitere Bedeutung:
38,"Dieses Gefühl beruht natürlich letzten Endes auf der Tatsache, daß kein Mensch frei von Schuld ist.","er ist nicht nur fremd, weil er weder zum Dorf noch zum Schloß gehört, sondern weil er der einzige Normale und Gesunde in einer Welt ist, wo alles Menschliche und Normale, wo Liebe, Arbeit, Kameradschaft gewaltsam aus der Hand des Menschen gerissen wurden, um als Gabe von außen verliehen zu werden - oder, wie sich K. ausdrückt, von oben."
39,"Im Falle des K., der, ein vielbeschäftigter Bankbeamter, nie Zeit gehabt hat, über solche Allgemeinheiten sich den Kopf zu zerbrechen, wird dies Schuldgefühl zum eigentlichen Verhängnis;","Ob Schicksal, Segen oder Fluch, jedenfalls ist es etwas Geheimnisvolles, etwas, das der Mensch entgegennehmen kann oder das ihm verweigert wird, das er aber nie selber schaffen kann."
40,"es führt ihn nämlich in jene Verwirrung, in welcher er das organisierte und bösartige Übel seiner Umwelt verwechselt mit dem Ausdruck jener allgemein menschlichen Schuld, die harmlos und eigentlich unschuldig ist verglichen mit dem bösen Willen, der »die Lüge zur Weltordnung« macht und für diese Weltordnung selbst des Menschen berechtigte Demut brauchen und mißbrauchen kann.","Deswegen ist K.s Streben keineswegs gewöhnlich und einleuchtend, sondern im Gegenteil außergewöhnlich und anstößig."
41,"Das Funktionieren der bösartig bürokratischen Maschine, in die der Held unschuldig sich verfangen hat, wird also begleitet durch eine innere Entwicklung, welche durch das Schuldgefühl ausgelöst worden ist.","Er kämpft um das Minimum, als ob es etwas wäre, das die Totalität aller möglichen Forderungen umfaßt."
42,"In dieser Entwicklung wird er »erzogen«, verändert und gebildet, bis er in die Rolle, die ihm zugemutet wurde, hereinpaßt und befähigt ist, in der Welt der Notwendigkeit, der Ungerechtigkeit und der Lüge schlecht und recht mitzuspielen.",K.s hartnäckige Zielstrebigkeit öffnet jedoch einigen Dorfbewohnern die Augen
43,"Dies ist seine Art, sich den herrschenden Zuständen anzupassen.","sein Benehmen zeigt ihnen, daß Menschenrechte wert sein können, erkämpft zu werden und daß die Herrschaft des Schlosses nicht göttliches Gebot ist und darum angegriffen werden kann."
44,"Die innere Entwicklung des Helden und das Funktionieren der Maschine treffen schließlich in der letzten Szene der Hinrichtung zusammen, als K. sich ohne Sträuben, ja ohne Widerrede abführen und töten läßt.",
45,"Um der Notwendigkeit willen wird er ermordet, um der Notwendigkeit willen und in der Verwirrung des Schuldbewußtseins unterwirft er sich.","Und sie fügen hinzu: »wie froh sind wir, daß du zu uns kamst«!"
46,"Und die einzige Hoffnung, die am äußersten Ende der Romanhandlung blitzartig auftaucht, ist: »Es war als sollte die Scham ihn überleben.«","Doch der Kampf des Fremden hatte nur den Erfolg, ein Beispiel zu geben."
47,"Die Scham nämlich, daß dies die Weltordnung ist und er, Josef K., wenn auch als ihr Opfer, ein gehorsames Glied derselben.",
48,"Daß der Prozeß eine Kritik der bürokratischen Regierungsform des alten Österreich impliziert, dessen zahlreiche und sich bekämpfende Nationalitäten durch eine uniforme Beamtenhierarchie regiert wurden, wurde gleich bei Erscheinen des Romans erkannt.",
49,"Kafka, Angestellter einer Arbeitsversicherungsgesellschaft und Freund osteuropäischer Juden, denen er die Aufenthaltserlaubnis in Österreich zu verschaffen hatte, kannte die politischen Zustände seines Landes sehr genau.",
50,"Er wußte, daß, hatte sich einer erst einmal in den Maschen des bürokratischen Apparates verfangen, er auch schon verurteilt war.",
51,"Die Herrschaft der Bürokratie brachte es mit sich, daß die Auslegung des Gesetzes zum Instrument der Gesetzlosigkeit wurde, wobei die chronische Aktionsunfähigkeit der Gesetzinterpreten durch einen an sich sinnlosen Automatismus in der niederen Beamtenhierarchie kompensiert wurde, dem alle eigentlichen Entscheidungen überlassen waren.","Wir wissen, daß Kafkas Konstruktion kein bloßer Albtraum war."
52,"Da aber in den zwanziger Jahren, als der Roman zum ersten Mal erschien, das eigentliche Wesen der Bürokratie in Europa noch nicht hinlänglich bekannt war, beziehungsweise nur einer verschwindend kleinen Schicht von europäischen Menschen wirklich zum Verhängnis geworden war, schien das Entsetzen und der Schrecken, die im Roman zum Ausdruck kommen, unerklärlich, seinem eigentlichen Inhalt gleichsam nicht adäquat.",Aber diese Welt hat sich tatsächlich verwirklicht.
53,Man erschrak mehr vor dem Roman als vor der Sache selbst.,"Die Generation der vierziger Jahre und besonders diejenigen, die den zweifelhaften Vorzug hatten, unter dem furchtbarsten Regime gelebt zu haben, das die Geschichte bisher hervorgebracht hat, wissen, daß Kafkas Terror der wahren Natur des Sachverhaltes entspricht, die wir Bürokratie nennen - wo Regierung durch Verwaltung und Gesetze durch willkürliche Erlasse ersetzt werden."
54,"So begann man nach anderen, scheinbar tieferen Auslegungen zu suchen und fand sie, der Mode der Zeit folgend, in einer kabbalisierenden Darstellung religiöser Realitäten, gleichsam einer satanischen Theologie.","Wäre Kafkas Beschreibung dieser Maschinerie wirklich Prophezeihung, so wäre sie genau so billig, wie die zahllosen anderen Vorhersagen, die uns seit dem Anfang des Jahrhunderts plagen."
55,"Daß solche Irrtümer möglich waren -- und dies Mißverständnis ist nicht weniger fundamental, wenn auch weniger vulgär, als das Mißverständnis der psychoanalytischen Auslegungen Kafkas --, liegt natürlich im Werke Kafkas selber.","Charles Péguy, der selber oft mit einem Propheten verwechselt wurde, bemerkte einmal: »Der Determinismus, soweit er begriffen werden kann, ist vielleicht nichts anderes als das Gesetz der Rückstände«."
56,"Kafka beschreibt wirklich eine Gesellschaft, die sich für die Stellvertretung Gottes auf Erden hält und schildert Menschen, welche die Gesetze solch einer Gesellschaft als göttliche Gebote betrachten -- unwandelbar durch menschlichen Willen.",
57,"Das Böse der Welt, in die Kafkas Helden sich verstricken, ist gerade ihre Vergottung, ihre Anmaßung, eine göttliche Notwendigkeit darzustellen.","In einer sich auflösenden Gesellschaft, die blind dem natürlichen Weg des Unterganges folgt, kann die Katastrophe vorausgesehen werden."
58,"Kafka ist darauf aus, diese Welt zu zerstören, indem er ihre scheußliche Struktur überdeutlich nachzeichnet und so Wirklichkeit und Anspruch einander gegenüberstellt.",
59,"Aber der Leser der zwanziger Jahre, bezaubert von Paradoxen, verwirrt von dem Spiel der Gegensätze als solchen, wollte auf Vernunft nicht hören.",
60,Seine Auslegungen von Kafka offenbarten mehr über ihn selbst als über Kafka,"Durch den Glauben an einen notwendigen und automatischen Prozeß, dem sich der Mensch unterwerfen müsse, einen Glauben, der zu seiner Zeit beinahe allgemeingültig war, wurden diese verderblichen Strukturen unterstützt, und der Untergang selbst beschleunigt."
61,"in seiner naiven Bewunderung einer Welt, die Kafka in solcher Überdeutlichkeit als unerträglich scheußlich dargestellt hatte, enthüllte er seine eigene Eignung für die »Weltordnung«, enthüllte er, wie eng die sogenannte Elite und Avantgarde dieser Weltordnung verbunden waren.","Die Worte des Gefängnisgeistlichen im Prozeß enthüllen den Glauben der Beamten als Glauben an eine Notwendigkeit, als deren Sachwalter sie auftreten."
62,"Die sarkastisch-bittere Bemerkung Kafkas über die verlogene Notwendigkeit und das notwendige Lügen, die zusammen die »Göttlichkeit« dieser Weltordnung ausmachen, und welche so deutlich den eigentlichen Schlüssel zu der Konstruktion der Romanhandlung darstellt, wurde einfach übersehen.   ",»Der Engel der Geschichte .... kehrt sein Antlitz der Vergangenheit zu.
63,"Kafkas zweiter großer Roman, Das Schloß, führt uns in die gleiche Welt, die aber diesmal nicht durch die Augen eines Menschen gesehen wird, der sich um seine Regierung und andere Fragen allgemeiner Natur nie gekümmert hat und daher hilflos dem Schein der Notwendigkeit ausgeliefert ist;",
64,"sondern durch die Augen eines anderen K., der aus freiem Willen zu ihr kommt, als Fremder, und in ihr ein bestimmtes Vorhaben ausführen will: sich niederlassen, ein Mitbürger werden, sich sein Leben aufbauen, heiraten, Arbeit finden, kurz ein nützliches Mitglied der menschlichen Gesellschaft werden.","Aber ein Wind weht vom Paradies und verfängt sich in seinen Flügeln, der so stark ist, daß der Engel sie nicht schließen kann."
65,"Das Charakteristische für die Handlung im Schloß ist, daß der Held nur an dem Allerallgemeinsten interessiert ist und nur um Dinge kämpft, die eigentlich dem Menschen von Geburt garantiert scheinen.","Dieser Wind ist, was wir Fortschritt nennen«.  "
66,"Aber während er nicht mehr verlangt als das Minimum menschlicher Existenz, wird doch gleich zu Beginn klar, daß er dies Minimum als Recht verlangt und nichts weniger als sein Recht akzeptieren wird.",
67,"Er ist bereit, alle nötigen Eingaben zu machen, um die Aufenthaltserlaubnis zu bekommen, aber als Gnadengeschenk will er sie nicht;",
68,"er ist bereit, seinen Beruf zu wechseln, aber auf »geregelte Arbeit« kann er nicht verzichten.","Dort leben alle, seien es die Kleinen, wie das Volk im Schloß, das Angst um seine Stellung hat, oder die Großen, wie die Beamten im Schloß und im Prozeß, in vollständiger Übereinstimmung mit ihren Stellungen und streben nach einer Art übermenschlicher Vollkommenheit."
69,"All dies hängt von den Entscheidungen des Schlosses ab, und die Schwierigkeiten K.s beginnen, als sich herausstellt, daß das Schloß Rechte nur als Gnadengeschenke vergibt oder als Vorrechte.",
70,"Und da K. Recht will und nicht Vorrechte, Mitbürger der Dorfbewohner werden und »möglichst weit den Herren vom Schloß entrückt« sein möchte, lehnt er beides ab, das Gnadengeschenk und die auszeichnenden Beziehungen zum Schloß: so, hofft er, werden »sich ihm gewiß mit einem Schlage alle Wege erschließen, die ihm, wenn es nur auf die Herren oben und ihre Gnade angekommen wäre, für immer nicht nur versperrt, sondern unsichtbar geblieben wären«.",
71,An dieser Stelle treten die Dorfbewohner in das Zentrum der Handlung.,
72,"Sie sind erschreckt, daß K. einfach einer der ihren werden will, ein einfacher »Dorfarbeiter«, daß er es ablehnt, ein Glied der herrschenden Gesellschaft zu werden.","Als zum Beispiel in dem Roman Amerika der Oberportier eines Hotels jemand verwechselt, sagt er:"
73,"Wieder und wieder suchen sie ihm klar zu machen, daß es ihm an allgemeiner Welt- und Lebenserfahrung fehle, daß er nicht wisse, wie es um das Leben bestellt sei, das nämlich wesentlich von Gnade und Ungnade abhänge, Segen oder Fluch sei, und daß kein wirklich wichtiges und entscheidendes Ereignis verständlicher oder weniger zufällig sei als Glück und Unglück.",In meinen dreißig Dienstjahren ist mir allerdings noch keine Verwechslung passiert«.
74,"K. will nicht verstehen, daß für die Dorfbewohner auch Recht und Unrecht, beziehungsweise im Recht oder im Unrecht sein, noch Teil des Schicksals ist, das man hinzuzunehmen hat, das man erfüllen kann aber nicht ändern.",Sich irren heißt seine Stellung verlieren
75,"Von hier ab erscheint die Fremdheit des zugereisten Landvermessers K., der kein Dorfbewohner ist und kein Schloßbeamter und daher außerhalb der Herrschaftsverhältnisse der ihn umgebenden Welt steht, erst in ihrer eigentlichen Bedeutung.",deswegen kann er nicht einmal die Möglichkeit eines Irrtums zugeben.
76,"In seinem Insistieren auf den Menschenrechten erweist sich der Fremde als der einzige, der noch einen Begriff von einem einfach menschlichen Leben in der Welt hat.","Arbeitende, die von der Gesellschaft gezwungen werden, die menschliche Möglichkeit des Irrtums zu leugnen, können nicht menschlich bleiben, sondern müssen handeln, als ob sie Übermenschen wären."
77,"Die spezifische Welterfahrung der Dorfbewohner hat sie gelehrt, all dies, Liebe und Arbeit und Freundschaft, als eine Gabe anzusehen, die sie »von oben«, aus den Regionen des Schlosses empfangen mögen, deren sie selbst aber keinesfalls mehr Herr sind.","Kafkas Beamte, Angestellte und Funktionäre sind weit davon entfernt, vollkommen zu sein, aber sie alle handeln nach der nämlichen Voraussetzung allumfassender Tüchtigkeit."
78,"So haben sich die einfachsten Beziehungen ins geheimnisvoll Dunkle gehüllt, was im Prozeß die Weltordnung war, tritt hier als Schicksal auf, als Segen oder Fluch, dem man sich mit Furcht und Ehrfurcht interpretierend unterwirft.","Kafka stellt uns sofort vor das Ergebnis einer solchen Entwicklung, denn nur das Ergebnis gilt."
79,"K.s Vorsatz, sich auf einem Rechtsboden selbst das zu schaffen und zu verschaffen, was zu einem menschlichen Leben gehört, wirkt daher keineswegs als selbstverständlich, sondern ist in dieser Welt ganz und gar eine Ausnahme, und als solche ein Skandal.",
80,"K. wird darum gezwungen, für ein Minimum menschlicher Forderungen so zu kämpfen, als wäre in ihnen ein wahnwitziges Maximum menschlicher Wünsche überhaupt beschlossen, und die Dorfbewohner rücken von ihm ab, weil sie in seinem Verlangen nur eine alles und alle bedrohende Hybris zu vermuten vermögen.","Umfassende Tüchtigkeit ist der Motor der Maschine, in der sich Kafkas Helden verfangen, einer Maschine, die in sich selber sinnlos und zerstörerisch ist, die aber reibungslos arbeitet.    "
81,"K. ist ihnen fremd, nicht weil er der Menschenrechte als Fremder beraubt ist, sondern weil er kommt und sie verlangt.","Eines der Haupt-Themen der Erzählungen Kafkas ist der Aufbau dieser Apparatur, die Beschreibung ihrer glatten Arbeitsweise, und die Versuche seiner Helden, sie um der einfachen menschlichen Werte willen zu zerstören."
82,"Trotz der Furcht der Dorfbewohner, die jeden Augenblick eine Katastrophe für K. befürchten, passiert ihm eigentlich gar nichts.","Diese namenlosen Helden sind nicht gewöhnliche Menschen, wie man sie auf der Straße treffen könnte, sondern vielmehr das Urbild des »gewöhnlichen Menschen« als ein Ideal von Humanität."
83,"Er erreicht allerdings auch nichts, und der nur mündlich von Kafka mitgeteilte Schluß sah seinen Tod aus Erschöpfung - also einen völlig natürlichen Tod - vor.","Wie der »vergessene Mensch« aus Chaplin’s Filmen, so wurde auch Kafkas »gewöhnlicher Mensch« von einer Gesellschaft vergessen, die aus großen und kleinen Leuten besteht."
84,"Das Einzige, was K. erreicht, erreicht er ohne Absicht;",dem Funktionieren.
85,"es gelingt ihm, nur durch seine Haltung und seine Beurteilung der um ihn herum vorgehenden Dinge, einigen der Dorfbewohner die Augen zu öffnen:","Dieser gute Wille, für den der Held nur zum Beispiel dient, hat auch seine Funktion."
86,»Du hast einen erstaunlichen Überblick...,"Auf beinahe unschuldige Weise enthüllt er die verborgene Struktur der Gesellschaft, die offenbar die einfachsten Bedürfnisse des Menschen vereitelt und seine besten Vorsätze zerstört."
87,"manchmal hilfst du mir mit einem Wort, es ist wohl, weil du aus der Fremde kommst.","Er enthüllt auch den falschen Aufbau einer Welt, in der der Mensch guten Willens, der keine erfolgreiche Laufbahn ergreifen will, einfach verloren ist."
88,"Wir dagegen, mit unsern traurigen Erfahrungen und fortwährenden Befürchtungen erschrecken ja, ohne uns dagegen zu wehren, schon über jedes Knacken des Holzes, und wenn der eine erschrickt, erschrickt auch gleich der andere und weiß nun nicht einmal den richtigen Grund.","Er hilft diese Seiten der Wohlanständigkeit aufdecken, bevor sie tatsächlich in Stücke gerissen wird."
89,Auf solche Weise kann man zu keinem richtigen Urteil kommen...,"Der Eindruck der Unwirklichkeit und Modernität, den wir bei Kafkas Erzählungen bekommen, beruht hauptsächlich darauf, daß sein höchstes Interesse diesem Funktionieren gilt, daß er Ansichten überhaupt aufs äußerste vernachlässigt und daß er sich nicht für das Äußere und die Erscheinung der Welt interessiert."
90,"Was für ein Glück ist es für uns, daß du gekommen bist.","Es ist darum ein Mißverständnis, ihn zu den Surrealisten zu zählen."
91,« K. wehrt sich gegen diese Rolle,"Während der Surrealist versucht, so viele und widersprechende Ansichten der Wirklichkeit als möglich zu zeigen, erfindet Kafka frei die Ansichten, die sich auf jenes Funktionieren beziehen, und dieses bleibt sein Hauptanliegen."
92,"er ist nicht als »Glücksbringer« gekommen, er hat keine Zeit und keine überflüssige Kraft, um andern zu helfen;","Während die Lieblingsmethode des Surrealisten immer die Photomontage ist, könnte man Kafkas Technik am besten mit der Konstruktion eines Modells vergleichen."
93,"wer solches von ihm geradezu verlangt, »verwirrte seine Wege«Mitgeteilt im Anhang der dritten Ausgabe des »Schlosses«, New York 1946.","Wenn ein Mann ein Haus bauen will oder wenn er ein Haus gut genug kennen will, um seine Festigkeit zu beurteilen, wird er sich eine Blaupause des Gebäudes anfertigen oder sich eine beschaffen.
Kafkas Erzählungen sind solche Aufrisse"
94,Er will nichts als sein eigenes Leben in Ordnung bringen und in Ordnung halten.,sie sind in gewissem Sinn eher das Ergebnis eines Denkprozesses als das bloßer Sinneserfahrung.
95,"Da er im Verfolg dieses Vorhabens, anders als der K. des Prozeß, sich nicht dem scheinbar Notwendigen unterwirft, wird nicht Scham, sondern Erinnerung der Dorfbewohner ihn überleben.   ",
96,Kafkas Welt ist zweifellos eine furchtbare Welt.,"Aufrisse können nur von denen verstanden werden, die fähig und willig sind, sich mit eigener Phantasie die wirklichen Absichten und die zukünftige Ansicht vorzustellen."
97,"Daß sie mehr als ein Albtraum ist, daß sie vielmehr strukturell der Wirklichkeit, die wir zu erleben gezwungen wurden, unheimlich adäquat ist, wissen wir heute vermutlich besser als vor zwanzig Jahren.",
98,"Das Großartige dieser Kunst liegt darin beschlossen, daß sie heute noch so erschütternd wirken kann wie damals, daß der Schrecken der Strafkolonie durch die Realität der Gaskammern nichts an Unmittelbarkeit eingebüßt hat.",
99,"Wäre Kafkas Dichtung wirklich nichts als Prophezeiung eines kommenden Schreckens, so wäre sie genau so billig wie alle andern Untergangsprophetien, mit denen wir seit Beginn unseres Jahrhunderts oder vielmehr seit dem Drittel des 19. Jahrhunderts heimgesucht worden sind.",
100,"Charles Péguy, der selbst oft die zweifelhafte Ehre gehabt hat, unter die Propheten gerechnet zu werden, bemerkte einmal: »Der Determinismus, sofern er überhaupt vorgestellt werden kann, ist vielleicht nichts anderes als das Gesetz der Rückstände.",
101,Hierin liegt eine sehr präzise Wahrheit.,
102,"Insofern Leben ohnehin unausweichlich und natürlicherweise vom Tod beschlossen wird, kann sein Ende allerdings immer vorausgesagt werden.","Im Lichte dieser Erwägungen können wir eine der einfachsten Erzählungen Kafkas betrachten, und zwar eine sehr charakteristische, sie heißt: Eine alltägliche Verwirrung Ein alltäglicher Vorgang: sein Ertragen eine alltägliche Verwirrung."
103,"Der natürliche Weg ist immer der Weg des Untergangs, und eine Gesellschaft, die sich blind der Notwendigkeit der in ihr selbst beschlossenen Gesetze anheimgibt, kann immer nur untergehen.","A hat mit B aus H ein wichtiges Geschäft abzuschließen.
Er geht zur Vorbesprechung nach H, legt den Hin- und Herweg in je zehn Minuten zurück und rühmt sich zu Hause dieser besonderen Schnelligkeit."
104,"Propheten sind notwendigerweise immer Unglückspropheten, weil die Katastrophe immer vorausgesagt werden kann.",
105,Das Wunder ist immer die Rettung und nicht der Untergang,
106,"denn nur die Rettung, und nicht der Untergang, hängt von der Freiheit des Menschen ab und seiner Kapazität, die Welt und ihren natürlichen Ablauf zu ändern.","Da dieser voraussichtlich mehrere Stunden erfordern wird, geht A sehr früh morgens fort."
107,"Der in Kafkas wie unserer Zeit so verbreitete Wahn, daß es die Aufgabe des Menschen sei, sich einem von gleich welchen Mächten vorherbestimmten Prozeß zu unterwerfen, kann den natürlichen Untergang nur beschleunigen, weil in solchem Wahn der Mensch mit seiner Freiheit der Natur und ihrer Untergangstendenz gleichsam zu Hilfe kommt.","Trotzdem aber alle Nebenumstände, wenigstens nach A’s Meinung, völlig die gleichen sind wie am Vortag, braucht er diesmal zum Weg nach H zehn Stunden."
108,"Die Worte des Gefängniskaplans im Prozeß enthüllen die geheime Theologie und den innersten Glauben der Beamten als Glauben in Notwendigkeit überhaupt, und die Beamten sind letztlich die Funktionäre der Notwendigkeit - als ob es der Funktionäre überhaupt bedürfte, um den Untergang und das Verderben zum Funktionieren     zu bringen.","Als er dort ermüdet abends ankommt, sagt man ihm, daß B, ärgerlich wegen A’s Ausbleiben vor einer halben Stunde zu A in sein Dorf gegangen sei und sie sich eigentlich unterwegs hätten treffen müssen."
109,"Als Funktionär der Notwendigkeit wird der Mensch der höchst überflüssige Funktionär des natürlichen Gesetzes des Vergehens, und da er mehr als Natur ist, erniedrigt er sich dadurch zum Werkzeug aktiver Zerstörung.","Man rät A zu warten.
aber in Angst wegen des Geschäftes macht sich sofort auf und eilt nach Hause. 	"
110,"Denn so sicher wie ein von Menschen nach menschlichen Gesetzen erbautes Haus verfallen wird, sobald der Mensch es verläßt und seinem natürlichen Schicksal überläßt, so sicher wird die von Menschen erbaute und nach menschlichen Gesetzen funktionierende Welt wieder ein Teil der Natur werden und ihrem katastrophalen Untergang anheimgegeben sein, wenn der Mensch beschließt, selbst wieder ein Teil der Natur zu werden - ein blindes aber mit höchster Präzision arbeitendes Werkzeug der Naturgesetze.",
111,"Für diesen Sachzusammenhang ist es verhältnismäßig gleichgültig, ob der notwendigkeitsbesessene Mensch an Untergang glaubt oder an Fortschritt.","Zuhause erfährt er, B sei doch schon gleich früh gekommen - gleich nach dem Weggang A’s, ja er habe A im Haustor getroffen, ihn an das Geschäft erinnert, aber A habe gesagt, er hätte jetzt keine Zeit, er müsse jetzt eiligst fort.    
Trotz dieses unverständlichen Verhaltens A"
112,"Wäre Fortschritt wirklich »notwendig«, wirklich ein unvermeidliches, übermenschliches Gesetz, welches alle Zeiten unserer Geschichte gleichermaßen umspannt, und in dessen Netz die Menschheit unentrinnbar gefangen ist, dann könnte man allerdings die Macht und den Gang des Fortschritts nicht besser und exakter beschreiben als in den folgenden Zeilen aus Walter Benjamins Geschichtsphilosophischen Thesen Die »geschichtsphilosophischen Thesen« sind das letzte Werk des Schriftstellers Walter Benjamin, der 1940 an der spanisch-französischen Grenze auf seinem Wege in die zweite Emigration nach Amerika in den Selbstmord getrieben wurde.:",
113,»Der Engel der Geschichte... hat das Antlitz der Vergangenheit zugewendet.,
114,"Wo eine Kette von Begebenheiten vor uns erscheint, da sieht er eine einzige Katastrophe, die unablässig Trümmer auf Trümmer häuft und sie ihm vor die Füße schleudert.",
115,"Er möchte wohl verweilen, die Toten wecken und das Zerschlagene zusammenfügen.",
116,"Aber ein Sturm weht vom Paradiese her, der sich in seinen Flügeln verfangen hat und so stark ist, daß der Engel sie nicht mehr schließen kann.",
117,"Dieser Sturm treibt unaufhaltsam in die Zukunft, der er den Rücken kehrt, während der Trümmerhaufen vor ihm zum Himmel wächst.","’s sei aber B doch hier geblieben, um auf A zu warten."
118,"Das, was wir den Fortschritt nennen, ist dieser Sturm.","Er habe zwar schon oft gefragt, ob A nicht schon wieder zurück sei, befinde sich aber noch oben in A’s Zimmer."
119,"Vielleicht ist der beste Beweis dafür, daß Kafka nicht in die Reihe der neueren Weissager gehört, die Tatsache, daß uns beim Lesen seiner grauenhaftesten und grausamsten Geschichten, die doch alle von der Wirklichkeit inzwischen erfüllt wenn nicht übertroffen worden sind, immer noch das Gefühl der Unwirklichkeit überkommt.","Glücklich darüber, B jetzt noch zu sprechen und ihm alles erklären zu können, läuft A die Treppe hinauf."
120,"Da sind seine Helden, die oft nicht einmal einen Namen haben, sondern nur mit Anfangsbuchstaben geführt werden.","Schon ist er fast oben, da stolpert er, erleidet eine Sehnenzerrung und fast ohnmächtig vor Schmerz, unfähig sogar zu schreien, nur winselnd im Dunkel hört er, wie B - undeutlich ob in großer Ferne oder knapp neben ihm - wütend die Treppe hinunterstampft und endgültig verschwindet.   "
121,"Aber selbst wenn diese verführerische Anonymität nur dem Zufall der Unvollendetheit der Erzählungen geschuldet wäre -, diese Helden sind keinesfalls wirkliche Menschen, Personen, die wir in der wirklichen Welt treffen könnten;",Die Technik scheint hier sehr klar zu sein.
122,"trotz eingehender Schilderungen fehlen ihnen gerade jene einzelnen und einmaligen Eigenschaften, jene kleinen und oft überflüssigen Charakterzüge, die alle zusammen erst einen wirklichen Menschen ausmachen.",
123,"Sie bewegen sich in einer Gesellschaft, in der jedem eine ganz bestimmte Rolle zugewiesen wird, in der jeder durch seinen Beruf gewissermaßen definiert ist; und sie unterscheiden sich von dieser Gesellschaft und nehmen die zentrale Stelle in der Handlung nur dadurch ein, daß sie keinen bestimmten Platz in dieser Welt der Berufstätigen haben, daß ihre Rolle schlechthin unbestimmbar ist.","Weil seine Erzählung aus Faktoren, die zu typisch menschlichen Fehlschlägen beitragen, und nicht aus wirklichen Ereignissen bestehen, erscheinen sie zuerst als wilde und komische Übertreibung wirklicher Vorkommnisse oder wild gewordene, aber unentrinnbare Logik."
124,"Dies aber heißt, daß auch die Nebenpersonen nicht wirkliche Menschen sind.","Alle wesentlichen Umstände, die zu der gewöhnlichen Erfahrung des Fehlschlagens einer Verabredung wie: Übereifer (wodurch A. zu früh fortgeht und B. auf der Treppe übersieht), falsche Konzentration auf Kleinigkeiten (A. denkt an die Reise anstatt an seinen Hauptzweck, B. zu treffen, was sie länger macht als damals, da er sie unaufmerksam zurücklegte) und endlich die typischen mutwilligen Streiche, zu denen sich Dinge und Umstände verschwören, um solches Mißlingen endgültig zu machen - sind in der Erzählung enthalten."
125,Mit Realität im Sinne der realistischen Romane haben diese Erzählungen nichts zu tun.,Sie sind das Rohmaterial des Dichters.
126,"Wenn die Kafkasche Welt auf diesen der äußeren Wirklichkeit abgelauschten Realitätscharakter des realistischen Romans gänzlich verzichtet, so verzichtet sie vielleicht noch radikaler auf jenen der inneren Wirklichkeit abgelauschten Realitätscharakter des psychologischen Romans.","Aus dem, was bisher gesagt wurde, geht hervor, daß der Romanschriftsteller Franz Kafka keine Romane im klassischen Sinn des Wortes, im Sinne des 19. Jahrhunderts, geschrieben hat."
127,"Die Menschen, unter denen sich die Kafkaschen Helden bewegen, haben keine psychologischen Eigenschaften, weil sie außerhalb ihrer Rollen, außerhalb ihrer Stellungen und Berufe gar nicht existieren; und seine Helden haben keine psychologisch definierbaren Eigenschaften, weil sie von ihrem jeweiligen Vorhaben - dem Gewinnen eines Prozesses, der Erreichung von Aufenthalts- und Arbeitserlaubnis und so weiter - vollkommen und bis zum Rande ihrer Seele ausgefüllt sind.","Der Eindruck der Übertreibung verschwindet jedoch vollkommen, wenn wir die Geschichte als das, was sie wirklich ist, betrachten, nicht als Bericht über ein verwirrendes Ereignis, sondern als Urbild der Verwirrung selbst.
Die Basis des klassischen Romans war die Anerkennung der Gesellschaft, Unterwerfung unter das Leben, wie es kommt, die Überzeugung, daß Größe des Schicksals jenseits menschlicher Tugenden und menschlicher Laster ist."
128,"Diese eigenschaftslose Abstraktheit der Kafkaschen Menschen kann leicht verführen, sie für Exponenten von Ideen, für Repräsentanten von Meinungen zu halten, und alle zeitgenössischen Versuche, in das Kafkasche Werk eine Theologie hineinzuinterpretieren, hängen faktisch mit diesem Mißverständnis zusammen.","Er setzt den Niedergang des Staatsbürgers voraus, der während der Französischen Revolution den Versuch gemacht hatte, die Welt nach menschlichen Gesetzen zu regieren."
129,"Sieht man sich demgegenüber die Kafkasche Romanwelt unbefangen und ohne vorgefaßte Meinungen an, so wird schnell klar, daß seine Personen gar nicht die Zeit und gar nicht die Möglichkeit haben, individuelle Eigenschaften auszubilden.","Er zeigte das Wachstum des bürgerlichen Individuums, dem Leben und Welt Schauplatz von Ereignissen geworden war und das sich mehr Ereignisse und Geschehen wünschte, als der gewöhnlich enge und sichere Rahmen seines Lebens ihm bieten konnte."
130,"Wenn sich zum Beispiel in Amerika die Frage erhebt, ob der Oberportier des Hotels nicht vielleicht den Helden mit einer anderen Person versehentlich verwechselt hat, so lehnt der Portier diese Möglichkeit mit der Begründung ab, daß, könnte er Leute miteinander verwechseln, er ja nicht mehr Oberportier bleiben könne;","Heutzutage sind diese Schriftsteller, die immer im Wettbewerb mit der Wirklichkeit standen (sogar wenn sie Wirklichkeit nachahmten) durch den Reporter ersetzt worden.
In unserer Welt haben wirkliche Ereignisse und wirkliche Schicksale die Phantasie der Schriftsteller weit übertroffen.
Das Gegenstück zu der Ruhe und Sicherheit der bürgerlichen Welt, in der das Individuum seinen Teil an Aufregungen und Ereignissen vom Leben erwartete und nie ganz genug davon bekam, waren die großen Männer, die Genies und Ausnahmen, die in den Augen dieser selben Welt die wunderbare und geheimnisvolle Inkarnation von etwas Übermenschlichem darstellten: Schicksal (wie im Falle Napoleons) oder Geschichte (wie im Falle Hegels) oder der Ruf Gottes (wie im Falle Kierkegaards, der sich für ein von Gott gesetztes Beispiel hielt und deshalb für eine »Ausnahme«) oder Notwendigkeit (wie im Falle Nietzsches, der erklärte, er sei eine »Notwendigkeit«)."
131,"sein Beruf besteht ja gerade darin, Menschen nicht miteinander zu verwechseln.","Die höchste Idee des Menschen war der Mensch mit einer Mission, einem Ruf, den er zu erfüllen hatte."
132,Die Alternative ist ganz klar:,"Je größer die Mission, desto größer der Mensch."
133,"entweder ist er ein Mensch, behaftet mit der Fehlbarkeit menschlicher Wahrnehmung und Erkenntnis, oder er ist ein Oberportier und hat dann zum mindesten eine Art übermenschlicher Vollkommenheit in dieser seiner Funktion zu prätendieren.",
134,"Angestellte, die die Gesellschaft zwingt, mit der Präzision der Unfehlbarkeit zu arbeiten, werden darum noch nicht unfehlbar.","Das Einzige, was der Mensch, als solche Inkarnation des Übermenschlichen aufgefaßt, ereichen konnte, war der »amor fati« (Nietzsche), die Liebe zum Schicksal, die bewußte Identifizierung mit dem, was ihm widerfuhr.
Größe wurde nicht mehr in dem geleisteten Werk, sondern im Menschen selbst gesucht;"
135,"Kafkas Beamte, Angestellte, Arbeiter und Funktionäre sind weit davon entfernt, unfehlbar zu sein;","Genie galt nicht mehr als Gabe der Götter, Menschen verliehen, die wesentlich sie selber blieben."
136,aber sie alle handeln unter der Voraussetzung einer übermenschlichen universal-kompetenten Tüchtigkeit.  ,"Die ganze Persönlichkeit war eine Inkarnation des Genies geworden und wurde als solches, nicht mehr als gewöhnlicher Mensch betrachtet."
137,"Der Unterschied zwischen der Kafkaschen und der üblichen Romantechnik besteht darin, daß Kafka den ursprünglichen Konflikt eines Funktionärs zwischen seiner Privatexistenz und seiner Funktion nicht mehr beschreibt, daß er sich nicht mehr dabei aufhält zu erzählen, wie das Amt das Privatleben des Betreffenden und Betroffenen aufgefressen hat, oder wie seine private Existenz, seine Familie zum Beispiel, ihn gezwungen hat, unmenschlich zu werden und sich mit seiner Funktion permanent so zu identifizieren, wie sonst nur der Schauspieler sich mit seiner Rolle identifiziert für die kurze Dauer des Spiels.","Kant, der im Wesentlichen der Philosoph der Französischen Revolution war, definierte Genie noch als »die angeborene Gemütsanlage, durch welche die Natur der Kunst die Regel gibt«."
138,"Kafka konfrontiert uns sofort mit dem Ergebnis einer solchen Entwicklung, denn nur das Ergebnis ist für ihn relevant.","Ich stimme dieser Definition nicht bei, ich glaube vielmehr, daß Genie die Anlage ist, durch die die Menschheit der Kunst die Regel gibt."
139,"Das Vorgeben einer universalen Kompetenz, der Schein einer übermenschlichen Tüchtigkeit ist der verborgene Motor, der die Maschinerie der Vernichtung, in welcher Kafkas Helden gefangen sind, bedient und für den reibungslosen Ablauf des in sich Sinnlosen verantwortlich ist.",Aber das ist unwesentlich.
140,"Das Hauptthema der Kafkaschen Romane ist der Konflikt zwischen einer Welt, die in der Form einer solchen reibungslos funktionierenden Maschinerie dargestellt ist, und einem Helden, der versucht, sie zu zerstören.","Denn was uns in Kants Definition und in seiner weiteren Erklärung auffällt, ist das völlige Fehlen jener leeren Größe, die während des gesamten neunzehnten Jahrhunderts das Genie zum Vorläufer des Übermenschen, einer Art von Ungeheuer, gemacht hat."
141,"Diese Helden wiederum sind nicht einfach Menschen, wie wir ihnen täglich in der Welt begegnen, sondern variierende Modelle eines Menschen überhaupt, dessen einzig unterscheidende Qualität eine unbeirrbare Konzentration auf allgemeinst","Was Kafka so modern und zugleich als so seltsam unter seinen Zeitgenossen der Vorkriegswelt erscheinen läßt, ist gerade seine Weigerung, Dinge an sich »geschehen« zu lassen (zum Beispiel wollte er nicht, daß ihm eine Ehe »widerführe«, wie es bei den Meisten ist), er mochte die Welt nicht, wie sie ihm gegeben war, er mochte nicht einmal die Natur (deren Stabilität nur so lange besteht, wie wir sie in Frieden lassen)."
142,Menschliches ist.,"Er wollte eine Welt in Übereinstimmung mit menschlichen Bedürfnissen und menschlicher Würde aufbauen, eine Welt, in der die Tätigkeit des Menschen von ihm selbst bestimmt und die durch seine Gesetze regiert wird, nicht durch geheimnisvolle Kräfte, die von oben oder unten ausströmen."
143,"Seine Funktion in der Romanhandlung ist immer die gleiche: er entdeckt, daß die Welt und Gesellschaft der Normalität faktisch anormal sind, daß die Urteile der von allen akzeptierten Wohlanständigen faktisch verrückt sind, und daß die Handlungen, welche den Regeln dieses Spiels konform gehen, faktisch alle ruinieren.","Zudem war es sein brennendster Wunsch, einer solchen Welt anzugehören, es lag ihm nichts daran, ein Genie oder die Inkarnation irgend einer Größe zu sein."
144,Der Antrieb der Kafkaschen Helden sind nicht irgendwelche revolutionäre Überzeugungen,"Dies bedeutet natürlich nicht - wie manchmal behauptet wird -, daß Kafka bescheiden gewesen wäre."
145,"er ist einzig und allein der gute Wille, der, fast ohne es zu wissen oder zu wollen, die geheimen Strukturen dieser Welt bloßlegt.  ",
146,"Der Effekt von Unwirklichkeit und Neuartigkeit in der Kafkaschen Kunst des Erzählens ist hauptsächlich seinem Interesse an diesen verdeckten Strukturen und seiner radikalen Desinteressiertheit an den Fassaden, an den Aspekten und dem rein Phänomenalen der Welt geschuldet.",
147,"Es ist darum ganz falsch, Kafka zu den Surrealisten zu zählen.","»Jeder Satz, den ich schreibe, hat Vollendung« - eine einfache Feststellung der Wahrheit, die aber sicher nicht von einem bescheidenen Menschen herrührt."
148,"Während der Surrealist versucht, so viele und widersprechende Aspekte und Ansichten der Wirklichkeit als möglich zu zeigen, erfindet Kafka solche Aspekte völlig frei, verläßt sich hier nie auf die Wirklichkeit, weil sein eigentliches Anliegen nicht Wirklichkeit, sondern Wahrheit ist.","Er war nicht bescheiden, er war demütig."
149,Im Gegensatz zu der bei allen Surrealisten so beliebten Technik der Photomontage könnte man Kafkas Technik noch am ehesten mit der Konstruktion von Modellen vergleichen.,"Um Teil einer solchen Welt zu werden (wie er sie vorsichtig am Schluß, dem »happy end«, seines dritten Romanes Amerika zu beschreiben versuchte), mußte er zuerst die Zerstörung der fehlkonstruierten Welt vorwegnehmen."
150,"So wie ein Mann, der ein Haus bauen oder eines Hauses Stabilität beurteilen will, sich einen Grundriß des Gebäudes anfertigen wird, so konstruiert sich Kafka gleichsam die Grundrisse der bestehenden Welt.","Durch diese vorweggenommene Zerstörung trug er das Bild, die höchste Gestalt des Menschen als Modell guten Willens, des Menschen als »fabricator mundi«, des Welterbauers, der die Fehlkonstruktion beseitigen und seine Welt neu aufbauen kann."
151,Mit einem wirklichen Haus verglichen ist sein Grundriß natürlich etwas sehr »Unwirkliches«,"Weil aber diese Helden nur Modelle guten Willens sind und im Anonymen und in der Abstraktheit des Allgemeinen bleiben und nur in der Funktion, die der gute Wille in unserer Welt haben könnte, gezeigt werden, deswegen scheinen seine Romane eine einzigartige Anziehung zu besitzen, so als ob er sagen wollte: dieser Mensch guten Willens könnte irgendwer und jedermann sein, vielleicht sogar du und ich.     "
152,"aber ohne ihn hätte man das Haus nicht bauen können, ohne ihn kann man die Grundmauern und Pfeiler nicht erkennen, die allein ihm in der wirklichen Welt Bestand verleihen.",
153,"Aus diesem von der Wirklichkeit her konstruierten Grundriß, dessen Auffindung natürlich sehr viel eher das Ergebnis eines Denkprozesses als einer Sinneserfahrung ist, baut Kafka seine Modelle.",
154,"Zu ihrem Verständnis bedarf der Leser der gleichen Einbildungskraft, die am Werke war, als sie entstanden, und er kann dies Verständnis aus der Einbildungskraft her leisten, weil es sich hier nicht um freie Phantasie, sondern um Resultate des Denkens selbst handelt, die als Elemente für die Kafkaschen Konstruktionen benutzt werden.",
155,"Zum ersten Male in der Geschichte der Literatur verlangt ein Künstler von seinem Leser das Wirken der gleichen Aktivität, die ihn und sein Werk trägt.",
156,"Und diese ist nichts anderes als jene Einbildungskraft, die nach Kant »sehr mächtig (ist) in Schaffung gleichsam einer anderen Natur aus dem Stoffe, den ihr die wirkliche gibt«.",
157,"So können auch Grundrisse nur von denen verstanden werden, die fähig und willens sind, sich die Absichten des Architekten und die zukünftigen Aspekte des Gebäudes lebendig vorzustellen.",
158,"Es ist diese Anstrengung einer realen Einbildungskraft, die Kafka überall vom Leser verlangt.",
159,"Deshalb kann der rein passive Leser, wie er von der Tradition des Romans erzogen und gebildet wurde, und dessen einzige Aktivität in der Identifikation mit einer der Romanfiguren besteht, mit Kafka so wenig anfangen.",
160,"Das gleiche gilt für den neugierigen Leser, der aus Enttäuschung über sein eigenes Leben",
161,"Umschau hält nach einer Ersatzwelt, in der Dinge geschehen, die in seinem Leben durchaus nicht vorkommen wollen, oder aus echter Wissensbegierde nach Belehrung ausschaut.",
162,Kafkas Erzählungen werden ihn noch mehr enttäuschen als sein eigenes Leben,
163,"sie enthalten keinerlei Elemente von Tagträumen, und sie bieten weder Rat, noch Belehrung, noch Trost.",
164,"Nur der Leser, der, aus welchen Gründen und in welcher Unbestimmtheit auch immer, selbst auf der Suche nach Wahrheit ist, wird mit Kafka und seinen Modellen etwas anzufangen wissen, und er wird dankbar sein, wenn manchmal auf einer einzigen Seite oder sogar in einem einzigen Satz plötzlich die nackte Struktur ganz banaler Ereignisse sichtbar wird.",
165,"Charakteristisch für diese abstrahierende und nur das Wesentliche bestehenlassende Kunst ist die folgende kleine Erzählung, die noch dazu von einer besonders einfachen und häufigen Begebenheit handelt:   ",
166,Eine alltägliche Verwirrung Ein alltäglicher Vorgang: sein Ertragen eine alltägliche Verwirrung.,
167,A. hat mit B. aus H. ein wichtiges Geschäft abzuschließen.,
168,"Er geht zur Vorbesprechung nach H., legt den Hin- und Herweg in je zehn Minuten zurück und rühmt sich zu Hause dieser besonderen Schnelligkeit.",
169,"Am nächsten Tag geht er wieder nach H., diesmal zum endgültigen Geschäftsabschluß.",
170,"Da dieser voraussichtlich mehrere Stunden erfordern wird, geht A. sehr früh morgens fort.",
171,"Obwohl aber alle Nebenumstände, wenigstens nach A.s Meinung, völlig die gleichen sind wie am Vortag, braucht er diesmal zum Weg nach H. zehn Stunden.",
172,"Als er dort ermüdet abends ankommt, sagt man ihm, daß B., ärgerlich wegen A.s Ausbleiben, vor einer halben Stunde zu A. in sein Dorf gegangen sei und sie sich eigentlich unterwegs hätten treffen müssen.",
173,Man rät A. zu warten.,
174,A. aber in Angst wegen des Geschäftes macht sich sofort auf und eilt nach Hause. 	,
175,"Diesmal legt er den Weg, ohne besonders darauf zu achten, geradezu in einem Augenblick zurück.",
176,"Zu Hause erfährt er, B. sei doch schon gleich früh gekommen - gleich nach dem Weggang A.s, ja er habe A. im Haustor getroffen, ihn an das Geschäft erinnert, aber A. habe gesagt, er habe jetzt keine Zeit, er müsse jetzt eiligst fort.",
177,"Trotz dieses unverständlichen Verhaltens A.s sei aber B. doch hier geblieben, um auf A. zu warten.",
178,"Er habe zwar schon oft gefragt, ob A. nicht schon wieder zurück sei, befinde sich aber noch oben in A.s Zimmer.",
179,"Glücklich darüber, B. jetzt noch zu sprechen und ihm alles erklären zu können, läuft A. die Treppe hinauf.",
180,"Schon ist er fast oben, da stolpert er, erleidet eine Sehnenzerrung und fast ohnmächtig vor Schmerz, unfähig sogar zu schreien, nur winselnd im Dunkel hört er, wie B. - undeutlich ob in großer Ferne oder knapp neben ihm - wütend die Treppe hinunterstampft und endgültig verschwindet.  ",
181,Kafkas Konstruktionstechnik ist hier fast überdeutlich.,
182,"Da sind erst einmal alle wesentlichen Faktoren, die gewöhnlich bei mißglückten Verabredungen ins Spiel kommen:",
183,"Übereifer — A. geht zu früh fort und ist dennoch so hastig, daß er B. auf der Treppe übersieht;",
184,"Ungeduld — A. wird der Weg ungeheuer lang, was zur Folge hat, daß er sich um den Weg mehr kümmert als um sein Ziel, nämlich B. zu treffen;",
185,"Angst und Nervosität — was A. zu der unbedachten Überaktivität des Rückwegs verleitet, wo er doch ruhig die Rückkehr des B. hätte abwarten können;",
186,"all dies bereitet schließlich jene wohl bekannte Tücke des Objekts vor, die vollkommenes Mißlingen immer begleitet, und das endgültige Zerfallen des Verärgerten mit der Welt überhaupt anzeigt und besiegelt.",
187,"Aus diesen allgemeinen Faktoren, und nicht eigentlich aus dem Erlebnis eines spezifischen Ereignisses, konstruiert Kafka die Begebenheit.",
188,"Da keine Wirklichkeit gleichsam mildernd der Konstruktion im Wege steht, können die einzelnen Elemente die ihnen innewohnende komisch-gigantische Größe annehmen, so daß auf den ersten Blick die Geschichte sich wie eine jener phantastischen Münchhausen-Geschichten liest, die Seeleute einander zu erzählen lieben.",
189,"Der Eindruck der Übertreibung verschwindet erst, wenn wir die Geschichte nicht mehr als Report einer wirklichen Begebenheit lesen, nicht als den Bericht über irgend ein Ereignis, das durch Verwirrung zustande kam, sondern als das Modell der Verwirrung selbst, dessen grandiose Logik unsere eigenen begrenzten Erfahrungen mit verwirrten Ereignissen gleichsam verzweifelt nachzuahmen versuchen.",
190,"Diese überaus kühne Umkehrung von Vorbild und Nachahmung, in der, einer jahrtausendalten Tradition zum Trotz, das Gedichtete plötzlich als Vorbild und die Realität als die zur Rechenschaft gezogene Nachahmung erscheint, ist eine der wesentlichen Quellen des Kafkaschen Humors und macht auch diese Geschichte so unbeschreiblich erheiternd, daß sie einen fast über alle bereits verfehlten und noch zu verfehlenden Verabredungen im Leben hinwegzutrösten vermag.",
191,"Denn Kafkas Lachen ist ein unmittelbarer Ausdruck jener menschlichen Freiheit und Unbekümmertheit, die versteht, daß der Mensch mehr ist als sein Scheitern, schon weil er sich eine Verwirrung ausdenken kann, die verwirrter ist als alle wirkliche Konfusion.    ",
192,"Aus dem Gesagten dürfte klar sein, daß der Erzähler Kafka kein Romancier im Sinne des klassischen Romans des 19. Jahrhunderts ist.",
193,"Die Grundlage des klassischen Romans war ein Lebensgefühl, das die Welt und die Gesellschaft grundsätzlich akzeptierte, das sich dem Leben, so wie es gegeben war, unterwarf und das die Größe des Schicksals als Jenseits von Gut und Böse empfand.",
194,"Die Entwicklung des klassischen Romans entsprach dem langsamen Niedergang des citoyen, der in der Französischen Revolution und in der Kantschen Philosophie zum ersten Mal versucht hatte, die Welt mit von Menschen erfundenen Gesetzen zu regieren.",
195,"Seine Blüte war begleitet von der vollen Entfaltung des bürgerlichen Individuums, das die Welt und das Leben als einen Schauplatz von Ereignissen betrachtete und das mehr Sensationen und Geschehnisse zu »erleben« wünschte, als der gewöhnlich enge und gesicherte Rahmen seines eigenen Lebens ihm bieten konnte.",
196,"Alle diese Romanciers, ob sie realistisch die Welt abmalten oder phantastisch sich andere Welten erträumten, standen in ständiger Konkurrenz mit der Wirklichkeit.",
197,"Dieser klassische Roman hat heute in einer besonders in Amerika außerordentlich hoch entwickelten Form des Reportage-Romans geendet, was nur konsequent ist, wenn man bedenkt, daß mit der Realität heutiger Ereignisse und Schicksale wohl keine Phantasie mehr in Konkurrenz zu treten vermag.",
198,"Das Pendant zu der ruhigen Sekurität der bürgerlichen Welt, in welcher das Individuum dem Leben seinen ihm zukommenden Anteil abverlangte und dennoch nie ganz genug bekommen konnte an Ereignissen und Sensationen, waren die großen Männer, die Genies und die Ausnahmen, die in den Augen der gleichen bürgerlichen Individuen die herrliche und geheimnisvolle Inkarnation von etwas Übermenschlichem repräsentierten, das man »Schicksal« nennen konnte, wie im Falle Napoleons, oder »Geschichte«, wie im Falle Hegels, oder den Willen Gottes, wie im Falle Kierkegaards, der behauptete, Gott habe an ihm ein Exempel statuieren wollen, oder     »Notwendigkeit«, wie im Falle Nietzsches, der sich »eine Notwendigkeit« nannte.",
199,"Die höchste Sensation des Erlebnis-Hungrigen war das Erlebnis des Schicksals selber, und der höchste Typus des Menschen war daher der Mensch, der ein Schicksal, eine Mission, eine Berufung hatte, der er nur diente, beziehungsweise deren Vollzug er war.",
200,Groß war daher nicht mehr eigentlich ein Werk oder eine Leistung,
201,"groß wurde der Mensch selbst, nämlich als Inkarnation von etwas Übermenschlichem.",
202,"Genie war nicht mehr eine Gabe der Götter, verliehen an Menschen, die doch deshalb immer noch menschlich blieben;",
203,die gesamte Person wurde eine einzige Verkörperung von Genie und konnte daher nicht länger ein gewöhnlicher Sterblicher sein.,
204,"Daß diese Vorstellung vom Genie als einer Art übermenschlichen Monsters durchaus dem 19. Jahrhundert und keiner früheren Epoche eigen war, kann man noch deutlich in Kants Definition des Genies sehen.",
205,"Für ihn ist Genie die Gabe, durch die »Natur der Kunst die Regel vorschreibt«;",
206,"man kann mit dieser Naturkonzeption heute streiten, und man mag meinen, daß im Genie die Menschheit selbst der »Kunst die Regel vorschreibt«;",
207,"wesentlich ist hier nur, daß in dieser Definition des 18. Jahrhunderts noch nichts von der leeren Größe, die unmittelbar nach Kant in der Romantik bereits ihr Unwesen trieb, zu spüren ist.",
208,"Was Kafka persönlich so modern und zu gleicher Zeit so fremdartig unter seinen Zeitgenossen und in seinem Milieu der Prager und Wiener Literaten erscheinen läßt, ist gerade, daß er so offensichtlich nicht ein Genie oder die Verkörperung irgendeiner objektiven Größe sein wollte und daß er andererseits so leidenschaftlich sich weigerte, sich irgendwelchem Schicksal einfach zu unterwerfen.",
209,"Er war in keiner Weise mehr in die Welt verliebt, so wie sie uns gegeben ist, und selbst von der Natur meinte er, daß ihre Überlegenheit über den Menschen nur so lange bestehe, »als ich Euch in Ruhe lasse«.",
210,"Ihm ging es um eine mögliche, von Menschen erbaute Welt, in der des Menschen Handlungen von nichts abhängen als von ihm selbst, seiner eigenen Spontaneität, und in der die menschliche Gesellschaft durch von Menschen vorgeschriebene Gesetze regiert wird, und nicht durch geheimnisvolle Mächte, gleich ob sie als höhere oder niedere Mächte interpretiert werden.",
211,"Und in einer solchen, nicht mehr erträumten, sondern unmittelbar zu konstruierenden Welt wollte er, Kafka, bei Leibe keine Ausnahme sein, sondern ein Mitbürger, ein »Gemeindemitglied«.",
212,"Dies heißt natürlich nicht, daß er, wie manchmal angenommen wird, bescheiden gewesen sei.",
213,"Immerhin hat er einmal in seine Tagebücher mit echtem Erstaunen notiert, daß jeder Satz, wie er ihn zufällig niederschreibe, auch schon vollkommen sei - was der einfachen Wahrheit entspricht.",
214,"Kafka war nicht bescheiden, sondern demütig.",
215,"Um wenigstens im Entwurf Mitbürger einer solchen, von allem blutigen Spuk und mörderischen Zauber befreiten Welt zu werden, - wie er sie versuchsweise in Amerika, dem happy end von Amerika zu beschreiben suchte - mußte er notwendigerweise die Zerstörung der gegenwärtigen Welt antizipieren.",
216,"Seine Romane sind eine solche antizipierte Destruktion, durch deren Ruinen er das erhabene Bild des Menschen als eines Modells des guten Willens trägt, der wahrhaft Berge versetzen kann und Welten erbauen, der die Zerstörung aller Fehlkonstruktionen und die Trümmer aller Ruinen ertragen kann, weil ihm die Götter, wenn er nur guten Willens ist, ein unzerstörbares Herz gegeben haben.",
217,"Und da diese Kafkaschen Helden nicht wirkliche Personen sind, mit denen es hybrid wäre sich zu identifizieren, da sie nur Modelle sind und belassen in Anonymität, auch wenn sie bei Namen genannt werden, scheint es uns, als sei jeder von uns angerufen und aufgerufen.",
218,"Denn dieser, der guten Willens ist, kann irgendeiner sein und jedermann, vielleicht sogar du und ich.     ",
