,en,de
0,"The greater the military defeats of the “Wehrmacht” in the field, the greater becomes that victory of Nazi political warfare which is so often incorrectly described as mere propaganda.","Je größer die militärischen Niederlagen der deutschen Armee im Felde werden, desto stärker macht sich der Sieg der politischen Kriegführung der Nazis, die sehr zu Unrecht oft mit bloßer Propaganda identifiziert wird, geltend."
1,"It is the central thesis of this Nazi political strategy that there is no difference between Nazis and Germans, that the people stand united behind the government, that all Allied hopes of finding part of the people uninfected ideologically and all appeals to a democractic Germany of the future are pure illusion.","Die zentrale These dieser Kriegführung, die stets sich in gleichem Maße an die »innere Front«, an das deutsche Volk selbst, wie an seine Feinde richtete, hieß, daß es einen Unterschied zwischen Nazis und Deutschen nicht gebe, daß das Volk geschlossen hinter seiner Regierung stehe, daß alle Hoffnungen der Alliierten auf ideologisch nichtinfizierte Teile des Volkes, alle Appelle an ein demokratisches Deutschland der Zukunft Illusion seien."
2,"The implication of this thesis is, of course, that there is no distinction as to responsbility, that German anti-Fascists will suffer from defeat equally with German Fascists, and that the Allies had made such distinctions at the beginning of the war only for propoganda purposes.","Die Konsequenz dieser These ist natürlich, daß es eine Teilung der Verantwortung nicht gebe, daß deutsche  Antifaschisten im selben Maße wie deutsche Faschisten von der Niederlage betroffen sein werden und daß die Alliierten Unterschiede zu Beginn des Krieges nur zum Zwecke der Propaganda gemacht hätten."
3,A further implication is that Allied provisions for punishment of war criminals will turn out to be empty threats because they find no one to whom the title of war criminal could not be applied.   ,"Die weitere Konsequenz ist, daß die alliierten Bestimmungen über die Bestrafung der Kriegsverbrecher sich als leere Drohungen deshalb erweisen werden, weil man niemanden finden wird, auf den die Definition des Kriegsverbrechers nicht zutrifft."
4,"That such claims are not mere propaganda but are supported by very real and fearful facts, we have all learned in the past seven years.","Daß diese Behauptungen nicht bloße Propaganda sind, sondern sich auf eine sehr reale Unterlage, auf eine furchtbare Wirklichkeit berufen können, haben wir alle zu unserm Schrecken in den letzten Jahren erfahren."
5,"The terror-organizations which were at first strictly separated from the mass of the people, admitting only persons who could show a criminal past or prove their preparedness to become criminals, have since been continually expanded.","Die Terrorformationen, die ursprünglich von der Masse des Volkes streng geschieden waren und in die nur Leute aufgenommen wurden, die nachweisen konnten, Verbrecher zu sein, oder bereit waren, Verbrecher zu werden, sind ständig erweitert worden."
6,The ban on party membership for members of the army has been dissolved by the general order which subordinates all soldiers to the party.,"Das Verbot der Parteizugehörigkeit von Mitgliedern der Armee ist von dem Generalbefehl, der alle Soldaten der Partei unterstellt, abgelöst worden."
7,"Whereas those crimes which have always been a part of the daily routine of concentration camps since the beginning of the Nazi regime were at first a jealously guarded monopoly of the SS and Gestapo, today members of the Wehrmacht are assigned at will to duties of mass murder.","Während die Verbrechen, die seit Beginn des Regimes in den Konzentrationslagern zur täglichen Routine gehören, früher ein eifersüchtig gehütetes Monopol der SS und der Gestapo waren, werden zu den Massenmorden heute beliebige Wehrmachtangehörige abkommandiert."
8,These crimes were at first kept secret by every possible means and any publication of such reports was made punishable as atrocity propaganda.,"Die Berichte über diese Verbrechen, welche am Anfang möglichst geheim gehalten wurden und deren Veröffentlichung als »Greuelmärchenpropaganda« unter Strafe gestellt war, wurden erst auf dem Wege der von den Nazis selbst inszenierten Flüsterpropaganda verbreitet, und sie werden heute von ihnen völlig offen als Liquidierungsmaßnahmen zugestanden, um diejenigen »Volksgenossen«, welche man aus organisatorischen Gründen nicht hat in die »Volksgemeinschaft« des Verbrechens aufnehmen können, wenigstens in die Rolle der Mitwisser und Komplizen zu drängen."
9,"Later, however, such reports were spread by Nazi-organized whispering campaigns and today these crimes are openly proclaimed under the title of “measures of liquidation” in order to force “Volksgenossen” whom difficulties of organization made it impossible to induct into the “Volksgemeinschaft” of crime at least to bear the onus of complicity and awareness of what was going on.",Die totale Mobilmachung hat in der totalen Komplizität des deutschen Volkes geendet.  
10,"These tactics resulted in a victory for the Nazis, as the Allied abandoned the distinction between Germans and Nazis.",
11,"In order to appreciate the decisive change of political conditions in Germany since the lost battle of Britain, one must note that until the war and even until the first military defeats only relatively small groups of active Nazis, among whom not even the Nazi sympathizers were included, and equally small numbers of active anti-Fascists really knew what was going on.","Um die entscheidende politische Veränderung der realen Verhältnisse, welche die Nazipropaganda seit dem Verlust der Schlacht um England begleitet und schließlich den Verzicht der Alliierten auf eine Differenzierung zwischen Deutschen und Nazis zur Folge hatte, richtig einzuschätzen, muß man sich vergegenwärtigen, daß bis zum Ausbruch des Krieges, ja bis zum Beginn der militärischen Niederlagen nur die verhältnismäßig kleinen Gruppen aktiver Nazis - zu denen noch nicht einmal die große Zahl der Sympathisierenden gehörte - und die ebenso kleine Anzahl aktiver Antifaschisten über die Vorgänge wirklich Bescheid wußten."
12,"All others, whether German or non-German, had the natural inclination to believe the statements of an official, universally recognized government rather than the charges of refugees, which, coming from Jews or Socialists, were suspect in any case.","Alle anderen - ob Deutsche oder Nicht-Deutsche - hatten die verständliche Neigung, einer offiziellen, von allen Mächten anerkannten Regierung eher zu glauben als Flüchtlingen, die als Juden oder als Sozialisten ohnehin verdächtig waren."
13,"Even of those refugees, only a relatively small proportion knew the full truth and even a smaller fraction was prepared to bear the odium of unpopularity involved in telling the truth.   ","Von diesen wiederum kannte auch nur ein verhältnismäßig kleiner Prozentsatz die volle Wahrheit; und es war natürlich ein noch kleinerer Bruchteil, der bereit war, das Odium der Unpopularität auf sich zu nehmen und die Wahrheit zu sagen."
14,"As long as the Nazis expected victory, their terror organizations were strictly isolated from the people and, in time of war, from the army.","Solange die Nazis sich auf Sieg vorbereiteten, blieben die Terror-Formationen vom Volke, und das heißt im Krieg von der Armee, getrennt."
15,The army was not used to commit atrocities and SS troops were increasingly recruited from “qualified” circles of whatever nationality.,"Die Armee wurde zum Terror nicht herangezogen, und die SS-Truppen wurden in steigendem Maße aus erprobten Leuten gleich welcher Nationalität rekrutiert."
16,"If the planned New Order of Europe should have succeeded, we would have been witnesses of an inter-European organization of terror under German leadership.","Wäre die berüchtigte Neuordnung Europas geglückt, so hätten wir die Herrschaft einer intereuropäischen Terror-Organisation unter deutscher Führung erlebt."
17,The terror would have been exercised by members of all European nationalities with the exception of Jews in an organization graded according to the racial classification of the various countries.,"Der Terror wäre von Angehörigen aller europäischen Nationalitäten - mit Ausnahme der Juden - ausgeübt worden, wäre aber gradmäßig je nach Rassezugehörigkeit der verschiedenen Länder abgestuft worden."
18,"The German people, of course, would not have been spared by it.",Das deutsche Volk wäre natürlich von ihm nicht verschont geblieben.
19,"Himmler was always of the opinion that authority in Europe should be in the hands of a racial “élite,” organized in SS troops without national ties.  ","Himmler war immer der Meinung, daß die Herrschaft in Europa einer Rassen-Elite, verkörpert in den SS-Truppen, zusteht, welche national nicht gebunden bleiben darf."
20,It was only their defeats which forced the Nazis to abandon this concept and pretend to return to old nationalist slogans.,"Erst die Niederlagen haben die Nazis gezwungen, dies Konzept aufzugeben und scheinbar zu alten nationalistischen Schlagworten zurückzukehren."
21,The active identification of the whole German people with the Nazis was part of this trend.,Hierzu gehört die aktive Identifikation des gesamten Volkes mit den Nazis.
22,"National Socialism’s chances of organizing an underground movement in the future depend on no one’s being able to know any longer who is a Nazi and who is not, on there being no visible signs of distinction any longer, and above all on the victorious powers’ being convinced that there really are no differences between Germans.","Die Möglichkeit einer künftigen Untergrundarbeit hängt davon ab, daß niemand mehr wissen kann, wer ein Nazi ist und wer nicht, daß es keinerlei äußere, sichtbare Unterscheidungsmerkmale mehr gibt, daß die Sieger vor allem davon überzeugt werden, daß es Unterschiede unter Deutschen nicht gibt."
23,"To bring this about, an intensified terror in Germany, which proposed to leave no person alive whose past or reputation proclaimed him an anti-Fascist, was necessary.","Hierfür ist natürlich ein verstärkter Terror in Deutschland notwendig, der nach Möglichkeit keinen Menschen lebendig läßt, dessen Vergangenheit oder dessen Bekanntheit dafür bürgen könnten, daß er ein Anti-Faschist ist."
24,"In the first years of the war the regime was remarkably “magnanimous” to its opponents, provided they remained peaceful.","Während in den ersten Kriegsjahren die »Großzügigkeit« des Regimes gegen gegenwärtige und ehemalige Gegner, wenn sie sich ruhig verhielten, bemerkenswert war,"
25,"Of late, however, countless persons have been executed even though, for the reason that for years there has been no freedom of movement, they could not constitute any immediate danger to the regime.","werden neuerdings unzählige Menschen hingerichtet, die, seit Jahren ihrer Freiheit beraubt, eine unmittelbare Gefahr für das Regime nicht bilden können."
26,"On the other hand, prudently foreseeing that in spite of all precautionary measures the Allies might still find a few hundred persons in each city with an irreproachable anti-Fascist record-testified to by former war prisoners or foreign laborers, and supported by records of imprisonment or concentration camp internment-the Nazis have already provided their own trusted cohorts with similar documentation and testimony, making these criteria worthless.","Auf der anderen Seite und in weiser Voraussicht, daß man trotz aller Vorsichtsmaßnahmen auf Grund von Aussagen ehemaliger Kriegsgefangener oder fremder Arbeiter, auf Grund von Gefängnis- und Konzentrationslagerstrafen vielleicht doch noch in jeder Stadt ein paar hundert Leute entdecken könnte mit einem einwandfreien antifaschistischen Rekord, haben die Nazis ihre zuverlässigsten Leute bereits mit allen notwendigen Papieren, Leumundszeugen usw. ausgestattet, so daß alle derartigen Aussagen wertlos sein werden."
27,"Thus in the case of inmates of concentration camps (whose number nobody knows precisely, but which is estimated at several million), the Nazis can safely either liquidate them or let them escape: in the improbable event of their survival (a massacre of the type which occurred in Buchenwald is not even punishable under the war crimes provisions)-it will not be possible to identify them unmistakably.  ","Die Insassen der Konzentrationslager, deren Zahl niemand genau kennt, die aber auf mehrere Millionen geschätzt werden, kann man entweder »liquidieren« oder laufen lassen - eindeutig erkennbar werden sie erst einmal auch im unwahrscheinlichen Fall ihres Überlebens (ein solches Massaker, wie es bereits in Buchenwald stattgefunden hat, fällt noch nicht einmal unter die Kriegsverbrecherbestimmungen) nicht sein."
28,"Whether any person in Germany is a Nazi or an anti-Nazi can be determined only by the One who knows the secrets of the human heart, which no human eye can penetrate.","Ob jemand in Deutschland ein Nazi oder ein Anti-Nazi ist, wird nur noch der ergründen können, der in das menschliche Herz, in das bekanntlich kein menschlich     Auge dringt, zu blicken vermag."
29,"Those, at any rate, those who actively organize an anti-Nazi underground movement in Germany today-and there are such persons in Germany, of course-would meet a speedy death if they failed to act and talk precisely like Nazis.","Die Laufbahn eines Organisators einer Untergrundbewegung, die es natürlich auch in Deutschland gibt, würde ein sofortiges Ende nehmen, wenn er sich nicht in Wort und Tat wie ein Nazi gebärden würde."
30,"In a country where a person attracts immediate attention by failing either to murder upon command or to be a ready accomplice of murderers, this is no light task.","In einem Lande, wo jeder auffällt, der nicht entweder auf Befehl mordet oder ein freudiger Komplize von Mördern zu sein vorgibt, ist das keine leichte Sache."
31,"The most extreme slogan which this war has evoked among the Allies, that the only “good German” is a “dead German,” has this much basis in fact: the only way in which we can identify an anti-Nazi is when the Nazis have hanged him.","So hat selbst das extremste Schlagwort, das dieser Krieg auf unserer Seite hervorgebracht, daß nur ein »toter Deutscher« ein guter Deutscher sei, noch eine Grundlage in den wirklichen Verhältnissen: erst wenn die Nazis einen gehängt haben, können wir wissen, ob er wirklich gegen sie war."
32,There is no other reliable token.  ,Einen anderen Beweis gibt es nicht mehr.
33,II  ,II
34,These are the real political conditions which underlie the charge of the collective guilt of the German people.,"Dies sind die realen politischen Verhältnisse, die der Behauptung von einer Gesamtschuld des deutschen Volkes zugrunde liegen."
35,"They are the consequences of a policy which, in the deepest sense, is a- and anti-national; which is utterly determined that there shall be a German people only if it is in the power of its present rulers; and which will rejoice as at its greatest victory if the defeat of the Nazis involves with it the physical destruction of the German people.","Sie sind das Resultat einer Politik, die wirklich vaterlandslos, wirklich a- und anti-national ist, die völlig konsequent daran festhält, daß es ein deutsches Volk nur geben soll, wenn es in der Macht der augenblicklich Regierenden ist, und die mit höhnischer Genugtuung ihren größten Sieg feiern würde, wenn der Untergang der Nazis die physische Vernichtung des Volkes nach sich ziehen würde."
36,"The totalitarian policy, which has completely destroyed the neutral zone in which the daily life of human beings is ordinarily lived, has achieved the result of making the existence of each individual in Germany depend either upon committing crimes or on complicity in crimes.","Die totale Politik, welche die Atmosphäre von Neutralität, in der das tägliche Leben von Menschen sich abspielt, total zerstört hat, hat es erreicht, die private Existenz jedes Individuums auf deutschem Boden davon abhängig zu machen, daß es Verbrechen entweder begeht oder ihr Komplize ist."
37,"The success of Nazi propaganda in Allied countries, as expressed in the attitude commonly called Vansittartism, is a secondary matter in comparison.","Der Propaganda-Erfolg der Nazis in alliierten Ländern, wie er in dem, was gemeinhin mit Vansittartismus bezeichnet wird, zum Ausdruck kommt, ist dem gegenüber ganz sekundär."
38,"It is a product of general war propaganda, and something quite apart from the specific modern political phenomenon described above.","Er ist wesentlich Kriegspropaganda und kommt damit den eigentlichen, spezifisch modernen politischen Phänomenen noch nicht einmal nahe."
39,All the documents and pseudo-historical demonstrations of this tendency sound like relatively innocent plagiarism of the French literature of the last war-and it makes no essential difference that a few of those writers who twenty-five years ago kept the presses rolling with their attacks on “perfidious Albion” have now placed their experience at the Allies’ disposal.  ,Seine Schriften mitsamt seiner pseudo-historischen Beweisführung wirken wie unschuldige Plagiate aus der französischen Literatur des vorigen Krieges.
40,,"Wobei es denn wirklich gleichgültig ist, daß ein paar der Schreiber, die vor 25 Jahren die Druckerpressen mit dem »perfiden Albion« in Bewegung setzten, ihre Erfahrung diesmal den Alliierten zur Verfügung zu stellen gezwungen waren."
41,"But even the best-intended discussions between the defenders of the “good Germans” and the accusers of the “bad” not only miss the essence of the question, but also plainly fail to apprehend the magnitude of the catastrophe.","Aber auch die ernsteren Diskussionen zwischen den Advokaten der »guten« und den Anklägern der »bösen« Deutschen reden nicht nur an dem Kern der Sache vorbei, sondern haben offenbar von dem Ausmaße des Verhängnisses kaum eine Vorstellung."
42,"Either they are betrayed into trivial general comments on good and bad people, and into a fantastic over-estimation of the power of education, or they simply adopt an inverted version of Nazi racial theory.","Sie werden entweder in die Trivialität einer allgemeinen Feststellung über gute und böse Menschen und in eine phantastische Überschätzung der »Erziehung« gedrängt, oder sie nehmen ohne weitere Besinnung die Rassen-Theorien der Nazis an und kehren sie um."
43,"There is a certain danger in all this only because, since Churchill’s famous statement on the subject, the Allies have refrained from fighting an ideological war and have thus unconsciously given an advantage to the Nazis (who, without regard to Churchill, are organizing their defeat ideologically) and a chance of survival to all racial theories.   ","Hierin liegt nur deshalb eine gewisse Gefahr, weil die Alliierten sich seit Churchills berühmter Erklärung geweigert haben, einen »ideologischen« Krieg zu führen und daher unwissentlich den Nazis, die unbekümmert um Churchill ihre Niederlage ideologisch organisieren, einen Vorsprung und allen Rassen-Theoremen eine Chance des Überlebens gegeben haben."
44,"The true problem however is not to prove what is self-evident, namely, that Germans have not been potential Nazis ever since Tacitus’ times, nor what is impossible, that all Germans harbor Nazi views.","Inzwischen geht es weder darum, das Selbstverständliche zu beweisen, nämlich daß Deutsche nicht seit Tacitus’ Zeiten bereits latente Nazis waren, noch das Unmögliche zu demonstrieren, daß alle Deutschen eine nazistische Gesinnung haben, "
45,"It is, rather, to consider how to conduct ourselves and how to bear the trial of confronting a people among whom the boundaries dividing criminals from normal persons, the guilty from the innocent, have been so completely effaced that nobody will be able to tell in Germany whether in any case he is dealing with a secret hero or with a former mass murderer.","sondern darum, sich zu überlegen, welche Haltung man einnehmen kann, wie man es ertragen kann, sich mit einem Volke konfrontiert zu finden, in welchem die Linie, die Verbrecher von normalen Menschen, Schuldige von Unschuldigen trennt, so effektiv verwischt worden ist, daß morgen niemand in Deutschland wissen wird, ob er es mit einem heimlichen Helden oder einem ehemaligen Massenmörder zu tun hat."""
46,"In this situation we will not be aided either by a definition of those responsible, nor by the punishment of “war criminals.”","Vor dieser Situation wird uns weder eine Definition der Verantwortlichen, noch die Verhaftung der »Kriegsverbrecher« schützen."
47,"Such definitions by their very nature can apply only to those who not only took responsibility upon themselves, but also produced this whole inferno-and yet strangely enough are still not to be found on the lists of war criminals.","Dabei kann man von den Hauptschuldigen, welche nicht nur die Verantwortung auf sich genommen, sondern diese ganze Hölle inszeniert haben, ganz absehen."
48,The number of those who are responsible and guilty will be relatively small.,
49,There are many who share responsibility without any visible proof of guilt.,Auch die in einem weiteren Sinne Verantwortlichen gehören nicht hierher.
50,There are many more who have become guilty without being in the least responsible.,
51,"Among the responsible in a broader sense must be included all those who continued to be sympathetic to Hitler as long as it was possible, who aided his rise to power, and who applauded him in Germany and in other European countries.","Denn zu ihnen gehören alle jene, welche in Deutschland und im europäischen Ausland solange wie möglich mit Hitler sympathisiert, seinem Aufstieg zur Macht Vorschub geleistet und sein Renommee innerhalb und außerhalb Deutschlands gefestigt haben."
52,Who would dare to brand all these ladies and gentlemen of high society as war criminals?,"Und wer würde auch wagen, alle die Herrschaften der guten Gesellschaft als Kriegsverbrecher zu brandmarken?"
53,And as a matter of fact they really do not deserve such a title.,"Sie sind es wirklich nicht; sie haben zweifellos ihre Unfähigkeit, moderne politische Gruppierungen zu beurteilen, unter Beweis gestellt - die einen, weil sie Prinzipien in der Politik für baren moralisierenden Unsinn hielten, die anderen, weil sie für Gangster, die sie mit »Seeräubern« verwechselten, eine romantische Vorliebe hegten."
54,"Unquestionably they have proved their inability to judge modern political groupings, some of them because they regarded all principles in politics as moralistic nonsense, others because they were affected by a romantic predilection for gangsters whom they confused with “pirates” of an older time.",
55,"Yet these people, who were co-responsible for Hitler’s crimes in a broader sense, did not incur any guilt in a stricter sense.","Schuldig im engeren Sinne haben sie, die Verantwortlichen im weiteren Sinne, sich zumeist nicht gemacht."
56,"They, who were the Nazis’ first accomplices and their best aides, truly did not know what they were doing nor with whom they were dealing.  ","Sie, die der Nazis erste Komplizen und ihre besten Helfershelfer waren, wußten wahrlich weder, was sie taten, noch mit wem sie es zu tun hatten."
57,"The extreme horror with which particularly persons of good will react whenever the case of Germany is discussed is not evoked by those irresponsible co-responsibles, nor even by the particular crimes of the Nazis themselves.","Die ungeheure Erregung, in die nachgerade jeder Mensch guten Willens gerät, wenn die Rede auf Deutschland kommt, hat ihren Grund weder in der Existenz jener verantwortungslos Verantwortlichen, über die vermutlich nur die Geschichte ihr Urteil sprechen wird, noch in den Taten der Nazis selbst."
58,"It is rather the product of that vast machine of administrative mass murder, in whose service not only thousands of persons, not even scores of thousands of selected murderers, but a whole people could be and was employed:","Sie ist vielmehr erzeugt von jener ungeheuerlichen Maschine des »Verwaltungsmassenmordes«, zu deren Bedienung man nicht Tausende und nicht Zehntausende ausgesuchter Mörder, sondern ein ganzes Volk gebraucht hat und gebrauchen konnte."
59,"In that organization which Himmler has prepared against the defeat, everyone is either an executioner, a victim, or an automaton, marching onward over the corpses of his comrades-chosen at first out of the various storm troop formations and later from any army unit or other mass organization.","In der Organisation, die Himmler für die Niederlage etabliert hat, gibt es nur noch Exekutoren, Opfer und Marionetten, welche über die Leichen ihrer Kameraden, die man früher beliebig aus jeder SA-Kolonne und heute aus jedem Truppenteil und aus jeder anderen Massenformation herausschießen kann, weitermarschieren."
60,"That everyone, whether or not he is directly active in a murder camp, is forced to take part in one way or another in the workings of this machine of mass murder-that is the horrible thing.","Daß in dieser Mordmaschine jeder auf diese oder jene Weise an einen Platz gezwungen ist, auch wenn er nicht direkt in den Vernichtungslagern tätig ist, macht das Grauen aus."
61,"For systematic mass murder-the true consequence of all race theories and other modern ideologies which preach that might is right-strains not only the imagination of human beings, but also the framework and categories of our political thought and action.","Denn der systematische Massenmord, der die reale Konsequenz aller Rassentheorien und aller Ideologien von dem »Recht des Stärkeren« in unserer Zeit ist, sprengt nicht nur die Vorstellungskapazität des Menschen, sondern auch den Rahmen und die Kategorien, in welchen politisches Denken und politisches Handeln sich vollziehen."
62,"Whatever the future of Germany, it will not be determined by anything more than the inevitable consequences of a lost war-consequences which in the nature of the case are temporary.","Wie auch immer das künftige Schicksal Deutschlands aussehen wird, es wird nie mehr enthalten können als die unseligen Folgen eines verlorenen Krieges; und solche Folgen sind der Natur der Sache nach temporär."
63,"There is no political method for dealing with German mass crimes, and the destruction of seventy or eighty million Germans, or even their gradual death through starvation (of which, of course, nobody except a few psychotic fanatics dream), would simply mean that the ideology of the Nazis had won, even if power and the rights of might had fallen to other peoples.  ","Eine politische Antwort auf diese Verbrechen gibt es in keinem Fall; denn eine Ausrottung von 70 oder 80 Millionen Deutschen oder auch nur eine langsame Aushungerung, an die natürlich niemand außer ein paar psychotischen Fanatikern denkt, würde auch nur bedeuten, daß die Ideologien der Nazis gesiegt hätten, wenn auch die Macht und das »Recht des Stärkeren«, sie zu praktizieren, auf andere Völker übergegangen sind."
64,"Just as there is no political solution within human capacity for the crime of administrative mass murder, so the human need for justice can find no satisfactory reply to the total mobilization of a people for that purpose.","Wie an dem »Verwaltungsmassenmord« der politische Verstand des Menschen still steht, so wird an der totalen Mobilisierung für ihn das menschliche Bedürfnis nach Gerechtigkeit zu schanden."
65,"Where all are guilty, nobody in the last analysis can be judged.","Wo alle schuldig sind, kann im Grunde niemand mehr urteilen."
66,"For that guilt is not accompanied by even the mere appearance, the mere pretense of responsibility.","Denn dieser Schuld gerade ist auch der bloße Schein, die bloße Heuchelei der Verantwortung genommenDaß die aus Deutschland Geflüchteten, welche entweder das Glück hatten, Juden zu sein oder rechtzeitig von der Gestapo verfolgt zu werden, von dieser Schuld bewahrt worden sind, ist natürlich nicht ihr Verdienst."
67,,"Weil sie dies wissen, und weil sie noch nachträglich ein Grauen vor dem Möglichen packt, bringen gerade sie in alle derartigen Diskussionen jenes unerträgliche Element der Selbstgerechtigkeit, das schließlich, bei Juden vor allem, nur in der vulgären Umkehr der Nazi-Doktrinen über sie selbst enden kann und ja auch längst geendet hat.."
68,"So long as punishment is the right of the criminal-and this paradigm has for more than two thousand years been the basis of the sense of justice and right of Occidental man-guilt implies the consciousness of guilt, and punishment evidence that the criminal is a responsible person.","Solange die Strafe das Recht des Verbrechers ist - und auf diesem Satz beruht seit mehr als zweitausend Jahren das Gerechtigkeits- und das Rechtsempfinden der abendländischen Menschheit -, gehört zur Schuld ein Bewußtsein, schuldig zu sein, gehört zum Strafen eine Überzeugung von der Verantwortungsfähigkeit     des Menschen."
69,"How it is in this matter has been well described by an American correspondent, in a story whose dialogue is worthy of the imagination and creative power of a great poet.   ","Wie es mit diesem Bewußtsein durchschnittlich bestellt ist, hat ein amerikanischer Korrespondent in einer Geschichte geschildert, deren Frage- und Antwortspiel wohl der Einbildungs- und Gestaltungskraft eines großen Dichters wert wäre:  "
70,Q. Did you kill people in the camp?,Frage: Habt Ihr Leute im Lager getötet?
71,A. Yes. 	 ,Antwort: Ja. 	
72,Q. Did you poison them with gas?,Frage: Habt Ihr sie mit Gas vergiftet?
73,A. Yes. 	 ,Antwort: Ja. 	
74,Q. Did you bury them alive?,Frage: Habt Ihr sie lebendig begraben?
75,A. It sometimes happened. 	 ,Antwort: Das kam manchmal vor. 	
76,Q. Were the victims picked from all over Europe?,Frage: Wurden die Opfer aus ganz Europa aufgegriffen?
77,A. I suppose so. 	 ,Antwort: Das nehme ich an. 	
78,Q. Did you personally help kill people?,"Frage: Haben Sie persönlich geholfen, Leute zu töten?"
79,A. Absolutely not.,Antwort: Durchaus nicht.
80,I was only paymaster in the camp. 	 ,Ich war nur Zahlmeister im Lager. 	
81,Q. What did you think of what was going on?,Frage: Was dachten Sie sich denn bei diesen Vorgängen?
82,A. It was bad at first but we got used to it. 	 ,"Antwort: Zuerst war es schlimm, aber wir gewöhnten uns daran. 	"
83,Q. Do you know the Russians will hang you?,"Frage: Wissen Sie, daß die Russen Sie aufhängen werden?"
84,A. (Bursting into tears),Antwort (in Tränen ausbrechend):
85,Why should they?,Warum sollten sie das?
86,What have I done?     ,Was habe ich denn getan?  
87,Really he had done nothing.,Er hat in der Tat nichts getan - er hat nur Befehle ausgeführt.
88,He had only carried out orders and since when has it been a crime to carry out orders?,"Und seit wann war es ein Verbrechen, Befehle auszuführen?"
89,Since when has it been a virtue to rebel?,Seit wann war es eine Tugend zu rebellieren?
90,Since when could one only be decent by welcoming death?,"Seit wann konnte man nur ehrlich sein, wenn man in den sicheren Tod ging?"
91,What then had he done?  ,Was also hat er getan?  
92,"In his play, “The Last Days of Mankind” about the last war, Karl Kraus rang down the curtain after Wilhelm II had cried, “I did not want this.”","In seinem Stück Die letzten Tage der Menschheit, in welchem er die Vorgänge des letzten Krieges darstellte, ließ Karl Kraus den Vorhang fallen, nachdem Wilhelm II. ausgerufen hatte:"
93,,»Dies habe ich nicht gewollt.«
94,And the horribly comic part of it was that this was the fact.,"Und das komisch Grauenhafte lag darin, daß dies in der Tat stimmte."
95,"When the curtain falls this time, we will have to listen to a whole chorus calling out, “We did not do this.”","Wenn der Vorhang diesmal fallen wird, werden wir einem ganzen Chor von Spießern zu lauschen gezwungen sein, die ausrufen werden: »Dies haben wir nicht getan.«"
96,"And even though we shall no longer be able to appreciate the comic element, the horrible part of it will still be that this is the fact.   ","Und wenn uns auch inzwischen das Lachen vergangen ist, das Grauenhafte wird wieder darin liegen, daß es in der Tat stimmt."
97,III  ,III
98,"In trying to understand what were the real motives which caused people to act as cogs in the mass murder machine, we shall not be aided by speculations about German history and the so-called German national character, of whose potentialities those who knew Germany most intimately had not the slightest idea fifteen years ago.","Um zu wissen, welches die eigentliche Triebfeder im Herzen der Menschen ist, durch die sie in die Maschine des Massenmords einzuschalten waren, werden uns Spekulationen über deutsche Geschichte und den sogenannten deutschen Nationalcharakter, von dessen Möglichkeiten die besten Kenner Deutschlands vor 15 Jahren noch nicht die leiseste Ahnung hatten, wenig nutzen."
99,There is more to be learned from the characteristic personality of the man who can boast that he was the organizing spirit of the murder.,"Aufschlußreicher ist die eigentümliche Figur dessen, der sich rühmen kann, das organisatorische Genie des Mordes zu sein."
100,"Heinrich Himmler is not one of those intellectuals stemming from the dim No Man’s Land between the Bohemian and the Pimp, whose significance in the composition of the Nazi élite has been repeatedly stressed of late.","Heinrich Himmler gehört nicht zu jenen Intellektuellen, welche aus dem dunklen Niemandsland zwischen Boheme- und Fünfgroschen-Jungen-Existenz stammen und auf dessen Bedeutung für die Bildung der Nazi-Elite in neuerer Zeit wiederholt hingewiesen ist."
101,"He is neither a Bohemian like Goebbels, nor a sex criminal like Streicher, nor a perverted fanatic like Hitler, nor an adventurer like Goering.",Er ist weder ein Bohemien wie Goebbels noch ein Sexualverbrecher wie Streicher noch ein pervertierter Fanatiker wie Hitler noch ein Abenteurer wie Goering.
102,"He is a “bourgeois” with all the outer aspect of respectability, all the habits of a good paterfamilias who does not betray his wife and anxiously seeks to secure a decent future for his children; and he has consciously built up his newest terror organization, covering the whole country, on the assumption that most people are not Bohemians nor fanatics, nor adventurers, nor sex maniacs, nor sadists, but, first and foremost jobholders, and good family men.  ","Er ist ein Spießer mit allem Anschein der Respectability, mit allen Gewohnheiten des guten Familienvaters, der seine Frau nicht betrügt und für seine Kinder eine anständige Zukunft sichern will."
103,,"Und er hat seine neueste, das gesamte Land umfassende Terror-Organisation bewußt auf der Annahme aufgebaut, daß die meisten Menschen nicht Bohemiens, nicht Fanatiker,     nicht Abenteurer, nicht Sexualverbrecher und nicht Sadisten sind, sondern in erster Linie ›jobholders‹ und gute Familienväter."
104,"It was Péguy, I believe, who called the family man the “grand aventurier du 20e siècle.”","Es war, glaube ich, Péguy, der den Familienvater den »grand aventurier du 20e siècle« genannt hat; er ist zu früh gestorben, um in ihm noch den großen Verbrecher des Jahrhunderts zu erleben."
105,He died too soon to learn that he was also the great criminal of the century.,
106,"We had been so accustomed to admire or gently ridicule the family man’s kind concern and earnest concentration on the welfare of his family, his solemn determination to make life easy for his wife and children, that we hardly noticed how the devoted paterfamilias, worried about nothing so much as his security, was transformed under the pressure of the chaotic economic conditions of our time into an involuntary adventurer, who for all his industry and care could never be certain what the next day would bring.","Wir sind so gewohnt gewesen, in dem Familienvater die gutmütige Besorgtheit, die ernste Konzentriertheit auf das Wohl der Familie, die feierliche Entschlossenheit, Frau und Kindern das Leben zu weihen, zu bewundern oder zu belächeln, daß wir kaum gewahr wurden, wie der treusorgende Hausvater, der um nichts so besorgt war wie Sekurität, sich unter dem Druck der chaotischen ökonomischen Bedingungen unserer Zeit in einen Abenteurer wider Willen verwandelte, der mit aller Sorge des nächsten Tages nie sicher sein konnte."
107,The docility of this type was already manifest in the very early period of Nazi “Gleichschaltung.”,Seine Docilität war in den Gleichschaltungen zu Beginn des Regimes bereits bewiesen worden.
108,"It became clear that for the sake of his pension, his life insurance, the security of his wife and children, such a man was ready to sacrifice his beliefs, his honor, and his human dignity.","Es hatte sich herausgestellt, daß er durchaus bereit war, um der Pension, der Lebensversicherung, der gesicherten Existenz von Frau und Kindern willen Gesinnung, Ehre und menschliche Würde preiszugeben."
109,It needed only the Satanic genius of Himmler to discover that after such degradation he was entirely prepared to do literally anything when the ante was raised and the bare existence of his family was threatened.,"Es bedurfte nur noch der teuflischen Genialität Himmlers, um zu entdecken, daß er nach solcher Degradierung aufs beste präpariert war, wortwörtlich alles zu tun, wenn man den Einsatz erhöhte und die nackte Existenz der Familie bedrohte."
110,The only condition he put was that he should be fully exempted from responsibility for his acts.,"Die einzige Bedingung, die er von sich aus stellte, ist, daß man ihn von der Verantwortung für seine Taten radikal freisprach."
111,"Thus that very person, the average German, whom the Nazis notwithstanding years of the most furious propaganda could not induce to kill a Jew on his own account (not even when they made it quite clear that such a murder would go unpunished) now serves the machine of destruction without opposition.","Es ist der gleiche Durchschnittsdeutsche, den die Nazis trotz wahnsinnigster Propaganda durch Jahre hindurch nicht dazu haben bringen können, einen Juden auf eigene Faust totzuschlagen (selbst nicht, als sie es ganz klar machten, daß solch ein Mord straffrei ausgehen würde), der heute widerspruchslos die Vernichtungsmaschinen bedient."
112,"In contrast to the earlier units of the SS men and Gestapo, Himmler’s over-all organization relies not on fanatics, nor on congenital murderers, nor on sadists; it relies entirely upon the normality of jobholders and family men.  ","Im Gegensatz zu den früheren Formationen von SS und Gestapo rechnet die Himmlersche Gesamtorganisation weder mit Fanatikern noch mit Lustmördern noch mit Sadisten, sie rechnet einzig und allein     mit der Normalität von Menschen vom Schlage Herrn Heinrich Himmlers."
113,"We need not specially mention the sorry reports about Latvians, Lithuanians, or even Jews who have participated in Himmler’s murder organization in order to show that it requires no particular national character in order to supply this new type of functionary.","Daß kein besonderer Nationalcharakter erforderlich ist, um den neuesten Typ des Funktionärs zum Funktionieren zu bringen, bedarf wohl nach den traurigen Nachrichten über Letten, Litauer, Polen und sogar Juden in Himmlers Mordorganisation keiner besonderen Erwähnung."
114,They are not even all natural murderers or traitors out of perversity.,Sie alle sind nicht von Natur Mörder und nicht aus Perversion Verräter.
115,It is not even certain that they would do the work if it were only their own lives and future that were at stake.,"Es ist noch nicht einmal sicher, ob sie funktioniert hätten, wenn nur ihr eigenes Leben und ihre eigene Existenz auf dem Spiel gestanden hätten."
116,"They felt (after they no longer needed to fear God, their conscience cleared through the bureaucratic organization of their acts) only the responsibility toward their own families.","Sie fühlten sich, nachdem sie Gott nicht mehr fürchteten und ihr Gewissen ihnen durch den Funktionscharakter ihrer Handlungen abgenommen war, nur noch ihrer Familie verantwortlich."
117,"The transformation of the family man from a responsible member of society, interested in all public affairs, to a “bourgeois” concerned only with his private existence and knowing no civic virtue, is an international modern phenomenon.","Die Verwandlung des Familienvaters aus einem an den öffentlichen Angelegenheiten interessierten, verantwortlichen Mitglied der Gesellschaft in den Spießer, der nur an seiner privaten Existenz hängt und öffentliche Tugend nicht kennt, ist eine moderne internationale Erscheinung."
118,"The exigencies of our time-“bedenkt den Hunger und die grosse Kaelte in diesem Tale, das von Jammer schallt” (Brecht)-can at any moment transform him into the mob man and make him the instrument of whatsoever madness and horror.","Die Nöte unserer Zeit - »bedenkt den Hunger und die große Kälte in diesem Tale, das von Jammer schallt« (Brecht) - können ihn jeden Tag zum Spielball allen Wahnsinns und aller Grausamkeit machen."
119,"Each time society, through unemployment, frustrates the small man in his normal functioning and normal self-respect, it trains him for that last stage in which he will willingly undertake any function, even that of hangman.","Jedesmal, wenn die Gesellschaft in der Erwerbslosigkeit den kleinen Mann um sein normales Funktionieren und seine normale Selbstachtung bringt, bereitet sie ihn auf jene letzte Etappe vor, in der er jede Funktion, auch den ›job‹ des Henkers zu übernehmen bereit ist."
120,"A Jew released from Buchenwald once discovered among the SS men who gave him the certificates of release a former schoolmate, whom he did not address but yet stared at.","Ein aus Buchenwald entlassener Jude entdeckte unter den SS-Leuten, die ihm seine Entlassungspapiere aushändigten, einen ehemaligen Schulkameraden, den er nicht ansprach, wohl aber ansah."
121,"Spontaneously the man stared at remarked: You must understand, I have five years of unemployment behind me.","Darauf sagte der so Betrachtete sehr spontan: Du mußt verstehen - ich habe fünf Jahre Erwerbslosigkeit hinter mir, mit mir können sie alles machen."
122,They can do anything they want with me.  ,
123,"It is true that the development of this modern type of man, who is the exact opposite of the “citoyen” and whom for lack of a better name we have called the “bourgeois,” enjoyed particularly favorable conditions in Germany.","Es ist richtig, daß dieser moderne Typus Mensch, den wir mangels eines besseren Namens noch mit dem alten Wort Spießer bezeichnet haben, auf deutschem Boden eine besonders gute Chance des Blühens und Gedeihens hatte.     "
124,Hardly another country of Occidental culture was so little imbued with the classic virtues of civic behavior.,"Kaum ein anderes der abendländischen Kulturländer ist von den klassischen Tugenden des öffentlichen Lebens so unberührt geblieben, in keinem haben privates Leben und private Existenz eine so große Rolle gespielt."
125,In no other country did private life and private calculations play so great a role.,
126,"This is a fact which the Germans in time of national emergency disguised with great success, but never altered.","Diese Tatsache haben die Deutschen in Zeiten nationaler Not immer wieder mit viel Erfolg verschleiert, aber nicht geändert."
127,"Behind the facade of proclaimed and propagandized national virtues, such as “love of the Fatherland,” “German courage,” “German loyalty,” etc., there lurked corresponding real national vices.","Hinter der Fassade behaupteter und propagierter »Nationaltugenden« wie »Vaterlandsliebe«, »deutscher Mut«, »deutsche Treue« usw. verstecken sich entsprechende wirklich existierende National-Laster."
128,"There is hardly another country where on the average there is so little patriotism as Germany; and behind the chauvinistic claims of loyalty and courage, a fatal tendency to disloyalty and betrayal for opportunistic reasons is hidden.  ","Es gibt kaum irgendwo durchschnittlich so wenig Patriotismus wie gerade in Deutschland, und hinter der chauvinistischen Anmaßung von »Treue« und »Mut« verbirgt sich ein verhängnisvoller Hang zur Untreue und zum Verrat aus Opportunismus."
129,"The mob man, however, the end-result of the “bourgeois,” is an international phenomenon; and we would do well not to submit him to too many temptations in the blind faith that only the German mob man is capable of such frightful deeds.","Der Spießer selbst aber ist eine internationale Erscheinung, und wir täten gut daran, ihn nicht im blinden Vertrauen, daß nur der deutsche Spießer solch furchtbarer Taten fähig ist, allzusehr in Versuchung zu führen."
130,"What we have called the “bourgeois” is the modern man of the masses, not in his exalted moments of collective excitement, but in the security (today one should say the insecurity) of his own private domain.","Der Spießer ist der moderne Massenmensch, betrachtet nicht in seinen exaltierten Augenblicken in der Masse, sondern im sicheren oder vielmehr heute so unsicheren Schutz seiner vier Wände."
131,"He has driven the dichotomy of private and public functions, of family and occupation, so far that he can no longer find in his own person any connection between the two.","Er hat die Zweiteilung von Privat und Öffentlich, von Beruf und Familie so weit getrieben, daß er noch nicht einmal in seiner eigenen identischen Person eine Verbindung zwischen beiden entdecken kann."
132,When his occupation forces him to murder people he does not regard himself as a murderer because he has not done it out of inclination but in his professional capacity.,"Wenn sein Beruf ihn zwingt, Menschen zu morden, so hält er sich nicht für einen Mörder, gerade weil er es nicht aus Neigung, sondern beruflich getan hat."
133,Out of sheer passion he would never do harm to a fly.  ,Aus Leidenschaft würde er nicht einer Fliege etwas zu Leide tun.
134,"If we tell a member of this new occupational class which our time has produced that he is being held to account for what he did, he will feel nothing except that he has been betrayed.","Wenn man einem Individuum dieser neuesten Berufsgattung, die unsere Zeit hervorgebracht hat, morgen sagen wird, daß es zur Verantwortung gezogen wird, so wird es sich nur betrogen fühlen."
135,"But if in the shock of the catastrophe he really becomes conscious that in fact he was not only a functionary but also a murderer, then his way out will not be that of rebellion, but suicide-just as so many have already chosen the way of suicide in Germany, where it is plain that there has been one wave of self-destruction after another.","Wenn es aber im Schock der Katastrophe zum Bewußtsein davon kommen sollte, daß es in Wahrheit nicht nur ein beliebiger Funktionär, sondern ein Mörder ist, so wird es auch nicht den Weg der Rebellion, sondern den Weg des Selbstmordes gehen     - wie ihn schon so viele in Deutschland, wo es offenbar eine Selbstmordwelle nach der anderen gibt, gegangen sind."
136,And that too would be of little use to us.   ,Und damit wäre uns auch nicht sehr viel geholfen.
137,IV ,IV
138,It is many years now that we meet Germans who declare that they are ashamed of being Germans.,"Seit vielen Jahren begegnen mir Deutsche, welche erklären, daß sie sich schämten, Deutsche zu sein."
139,I have often felt tempted to answer that I am ashamed of being human.,"Ich habe mich immer versucht gefühlt, ihnen zu antworten, daß ich mich schämte, ein Mensch zu sein."
140,"This elemental shame, which many people of the most various nationalities share with one another today, is what finally is left of our sense of international solidarity, and it has not yet found an adequate political expression.","Diese grundsätzliche Scham, die heute viele Menschen der verschiedensten Nationalitäten miteinander teilen, ist das einzige, was uns gefühlsmäßig von der Solidarität der Internationalen verblieben ist; und sie ist bislang politisch in keiner Weise produktiv geworden."
141,"Our fathers’ enchantment with humanity was of a sort which not only light-mindedly ignored the national question; what is far worse, it did not even conceive of the terror of the idea of humanity and of the Judeo-Christian faith in the unitary origin of the human race.","Die Menschheits-Schwärmerei unserer Väter hat nicht nur leichtfertig die sogenannte »nationale Frage« übersehen; sie hat, was ungleich schlimmer ist, den Ernst und den Schrecken der Idee der Menschheit und des jüdisch-christlichen Glaubens an einen einheitlichen Ursprung des Menschengeschlechts noch nicht einmal geahnt."
142,"It was not very pleasant even when we had to bury our false illusions about “the noble savage,” having discovered that men were capable of being cannibals.","Es war schon nicht sehr angenehm, die trügerische Hoffnung auf den »edlen Wilden« begraben und entdecken zu müssen, daß Menschen auch Kannibalen sein können."
143,Since then peoples have learned to know one another better and learned more and more about the evil potentialities in men.,"Seither haben die Völker einander besser und besser kennengelernt, haben sie mehr und mehr über die Möglichkeiten zum Bösen im Menschen erfahren."
144,"The result has been that they have recoiled more and more from the idea of humanity and become more susceptible to the doctrine of race, which denies the very possibility of a common humanity.","Der Erfolg ist, daß sie mehr und mehr vor der Idee der Menschheit zurückscheuen und immer anfälliger für Rasse-Doktrinen werden, welche die Möglichkeit der Menschheit prinzipiell verneinen."
145,"They instinctively felt that the idea of humanity, whether it appears in a religious or humanistic form, implies the obligation of a general responsibility which they do not wish to assume.","Sie spüren instinktiv, daß in der Idee der Menschheit, gleich ob sie in religiöser oder humanistischer Form auftritt, eine Verpflichtung zu einer Gesamtverantwortlichkeit mitenthalten ist, die sie nicht zu übernehmen wünschen."
146,"For the idea of humanity, when purged of all sentimentality, has the very serious consequence that in one form or another men must assume responsibility for all crimes committed by men and that all nations share the onus of evil committed by all others.","Denn die Idee der Menschheit, gereinigt von aller Sentimentalität, hat politisch die sehr schwerwiegende Konsequenz, daß wir in dieser oder jener Weise die Verantwortung für alle von Menschen begangenen Verbrechen, daß die Völker für     alle von Völkern begangenen Untaten die Verantwortung werden auf sich nehmen müssen."
147,Shame at being a human being is the purely individual and still non-political expression of this insight.  ,"Die Scham, daß man ein Mensch ist, ist der noch ganz individuelle und unpolitische Ausdruck für diese Einsicht."
148,"In political terms, the idea of humanity, excluding no people and assigning a monopoly of guilt to no one, is the only guarantee that one “superior race” after another may not feel obligated to follow the “natural law” of the right of the powerful, and exterminate “inferior races unworthy of survival”; so that at the end of an “imperialistic age” we should find ourselves in a stage which would make the Nazis look like crude precursors of future political methods.","Politisch gesprochen ist die Idee der Menschheit, von der man kein Volk ausschließen und innerhalb derer man keinem ein Monopol des Lasters zubilligen kann, die einzige Garantie dafür, daß nicht eine »höhere Rasse« nach der anderen sich verpflichtet glauben wird, dem Naturgesetz vom »Recht des Stärkeren« zu folgen und die »niederen lebensunfähigen Rassen« auszurotten - bis schließlich am Ende des »imperialistischen Zeitalters« wir uns auf einer Bahn bewegen werden, auf der die Nazis wie dilettantische Vorläufer einer zukünftigen Politik sich ausnehmen werden."
149,To follow a non-imperialistic policy and maintain a non-racist faith becomes daily more difficult because it becomes daily clearer how great a burden mankind is for man.  ,"Eine nichtimperialistische Politik zu machen, eine nicht-rassische Gesinnung sich zu bewahren wird täglich schwerer, weil täglich klarer wird, was für eine Last die Menschheit für den Menschen ist."
150,"Perhaps those Jews, to whose forefathers we owe the first conception of the idea of humanity, knew something about that burden when each year they used to say “Our Father and King, we have sinned before you,” taking not only the sins of their own community but all human offenses upon themselves.","Vielleicht haben jene Juden, deren Vätern die erste Konzeption der Idee der Menschheit zu danken ist, etwas über diese Last gewußt, wenn sie alljährlich im »Owinu Malkenu chotonu lefonecho« nicht nur alle in der Gemeinde begangenen Sünden, sondern alle menschlichen Verfehlungen überhaupt auf sich nahmen."
151,"Those who today are ready to follow this road in a modern version do not content themselves with the hypocritical confession, “God be thanked, I am not like that,” in horror at the undreamed-of potentialities of the German national character.","Diejenigen, die heute bereit sind, in moderner Form diesen Weg wieder zu gehen, haben sich vermutlich nicht pharisäisch mit dem Stoß-Seufzer des »Gott-sei-Dank-ich-bin-nicht-so« über die ungeahnten Möglichkeiten des »deutschen Nationalcharakters« entsetzt; dafür haben sie in Furcht und Zittern endlich begriffen, wessen alles der Mensch fähig ist - und dies ist in der Tat eine Vorbedingung modernen politischen Denkens."
152,"Rather, in fear and trembling, have they finally realized of what man is capable-and this is indeed the precondition of any modern political thinking.",
153,Such persons will not serve very well as functionaries of vengeance.,Sie werden sich vermutlich nicht sehr gut zu Funktionären der Rache eignen.
154,"This, however, is certain: Upon them and only upon them, who are filled with a genuine fear of the inescapable guilt of the human race, can there be any reliance when it comes to fighting fearlessly, uncompromisingly, everywhere against the incalculable evil that men are capable of bringing about.     ","Eines aber ist sicher: auf sie und nur auf sie, die eine genuine Angst vor der notwendigen Verantwortung des Menschengeschlechts haben, wird Verlaß sein, wenn es darum geht, gegen das ungeheure Übel, das Menschen anrichten können, furchtlos und kompromißlos und überall zu kämpfen.    "
